"","Year","expPDO","recDevPDO"
"120",2019,-0.504288975038512,-2.04380275147277
"121",2020,-0.544638749879911,-1.97178356179313
"1",2021,-0.578272796040639,-0.238661280509863
"2",2022,-0.604822611872558,-0.886290799746807
"3",2023,-0.623997312037537,-1.16492194725489
"4",2024,-0.635586814507987,-1.82095113871253
"5",2025,-0.639464142269583,-0.517100632969508
"6",2026,-0.635586814507987,-0.542808660969534
"7",2027,-0.623997312037538,-1.6738994426036
"8",2028,-0.604822611872572,-0.675679074208348
"9",2029,-0.578272796040641,-1.71340779868858
"10",2030,-0.544638749879913,-1.24074870507093
"11",2031,-0.504288975038514,0.77763058884412
"12",2032,-0.457665552093319,0.907558779640741
"13",2033,-0.405279297022718,-0.593808677410907
"14",2034,-0.347704164599764,-1.14243860893553
"15",2035,-0.285570960023687,-1.36861478410214
"16",2036,-0.219560427686015,0.7341735324029
"17",2037,-0.150395792792613,0.0746343829353688
"18",2038,-0.0788348375570204,-0.386983182110202
"19",2039,-0.00566159877991153,-0.556779097082429
"20",2040,0.0683222222222266,-0.804429198737911
"21",2041,0.142306043224345,-0.818327418990319
"22",2042,0.215479282001454,-1.42500568039348
"23",2043,0.287040237237047,1.42184811222302
"24",2044,0.356204872130431,-0.715533535299157
"25",2045,0.422215404468122,0.214083153086263
"26",2046,0.484348609044216,0.66114444423597
"27",2047,0.541923741467139,-0.266781285434023
"28",2048,0.594309996537756,-1.79740532792429
"29",2049,0.640933419482952,0.327566907009254
"30",2050,0.681283194324352,-1.05969487269888
"31",2051,0.714917240485081,0.827661482830303
"32",2052,0.741467056317013,-1.18182462558447
"33",2053,0.760641756481984,0.586451620694002
"34",2054,0.772231258952431,-2.19425849928308
"35",2055,0.776108586714027,-1.49603035136488
"36",2056,0.772231258952433,1.65256590592796
"37",2057,0.760641756481984,-1.87240380144399
"38",2058,0.741467056317013,-0.144740461636208
"39",2059,0.71491724048508,-0.3492238213488
"40",2060,0.681283194324362,-0.0461875940121547
"41",2061,0.640933419482964,-0.686880582789674
"42",2062,0.594309996537769,-0.270402166061451
"43",2063,0.541923741467153,-0.231616885404177
"44",2064,0.484348609044215,-0.623205601979897
"45",2065,0.422215404468121,0.380185920965999
"46",2066,0.356204872130467,-1.7482808042048
"47",2067,0.287040237237065,0.114426498006077
"48",2068,0.215479282001473,-0.815499434131995
"49",2069,0.142306043224364,-1.13923746712595
"50",2070,0.0683222222222259,-0.551380349057094
"51",2071,-0.00566159877991222,-0.441711190130709
"52",2072,-0.0788348375570211,-1.29739102074358
"53",2073,-0.150395792792595,-0.206440695542529
"54",2074,-0.219560427685998,-1.31333335370986
"55",2075,-0.28557096002367,-1.63595069124208
"56",2076,-0.347704164599765,-3.29060677516096
"57",2077,-0.405279297022703,-1.30382874329556
"58",2078,-0.457665552093319,-3.08956699009301
"59",2079,-0.504288975038503,-0.315447484144709
"60",2080,-0.544638749879903,-0.322204327140294
"61",2081,-0.578272796040633,-1.63766315219967
"62",2082,-0.604822611872566,-0.424980808710963
"63",2083,-0.623997312037538,-1.59351424627105
"64",2084,-0.635586814507987,-2.39568490757515
"65",2085,-0.639464142269583,-1.64043400845324
"66",2086,-0.635586814507989,-1.37806574062445
"67",2087,-0.623997312037541,-1.06268529552477
"68",2088,-0.604822611872571,-2.4501631896955
"69",2089,-0.578272796040639,-1.18724287375423
"70",2090,-0.544638749879911,-1.25557826663171
"71",2091,-0.504288975038512,-0.74161533330735
"72",2092,-0.457665552093329,0.165175230235638
"73",2093,-0.405279297022714,0.660226160210321
"74",2094,-0.347704164599777,-0.0128502632717036
"75",2095,-0.285570960023683,-2.3585807699717
"76",2096,-0.219560427685992,-0.827123383468432
"77",2097,-0.150395792792608,-0.189697863486095
"78",2098,-0.0788348375570354,-0.730048206461426
"79",2099,-0.0056615987799267,0.385373763559563
"80",2100,0.0683222222222113,0.216530784744247
"81",2101,0.142306043224349,-0.609036554026523
"82",2102,0.215479282001458,1.00244500431545
"83",2103,0.287040237237051,0.0387177347405863
"84",2104,0.356204872130454,-0.0562863293267616
"85",2105,0.422215404468108,-1.07516050474062
"86",2106,0.484348609044203,-1.11549629132455
"87",2107,0.541923741467157,-0.925648357521162
"88",2108,0.594309996537759,0.262812800511138
"89",2109,0.640933419482955,-0.000973281025939965
"90",2110,0.681283194324354,-1.01327646553508
"91",2111,0.714917240485074,-1.29007580846871
"92",2112,0.741467056317008,0.980688477645301
"93",2113,0.760641756481981,1.12522904244104
"94",2114,0.772231258952431,-0.566738556875838
"95",2115,0.776108586714027,0.429743500310316
"96",2116,0.772231258952432,-1.20733453732195
"97",2117,0.760641756481987,0.735812670078309
"98",2118,0.741467056317011,0.586411844922132
"99",2119,0.714917240485087,-0.339375090051453
"100",2120,0.681283194324359,-0.747837914507587
