"SSB_Unfished","Totbio_Unfished","SmryBio_Unfished","Recr_Unfished","SSB_Btgt","SPR_Btgt","F_Btgt","TotYield_Btgt","SSB_SPR","F_SPR","TotYield_SPR","SSB_MSY","SPR_MSY","F_MSY","TotYield_MSY","Ret_Catch_MSY","max_grad","depletion","alt_sigma_r","last_yr_early","first_yr_full","last_yr_full","first_yr_recent","max_bias_adj","params_on_bound","params_stuck_low","params_stuck_high","NatM_p_1_Fem_GP_1","L_at_Amin_Fem_GP_1","L_at_Amax_Fem_GP_1","VonBert_K_Fem_GP_1","CV_young_Fem_GP_1","CV_old_Fem_GP_1","Wtlen_1_Fem_GP_1","Wtlen_2_Fem_GP_1","Mat50._Fem_GP_1","Mat_slope_Fem_GP_1","Eggs.kg_inter_Fem_GP_1","Eggs.kg_slope_wt_Fem_GP_1","CohortGrowDev","FracFemale_GP_1","L_at_Amax_Fem_GP_1_dev_se","L_at_Amax_Fem_GP_1_dev_autocorr","CohortGrowDev_dev_se","CohortGrowDev_dev_autocorr","SR_LN_R0","SR_BH_steep","SR_sigmaR","SR_regime","SR_autocorr","SR_regime_BLK1repl_1980","Early_InitAge_4","Early_InitAge_3","Early_InitAge_2","Early_InitAge_1","Early_RecrDev_1981","Early_RecrDev_1982","Late_RecrDev_2019","Late_RecrDev_2020","Late_RecrDev_2021","Late_RecrDev_2022","Late_RecrDev_2023","Late_RecrDev_2024","Late_RecrDev_2025","ForeRecr_2026","Impl_err_2026","InitF_seas_2_flt_2MexCal_S2","LnQ_base_AT_Survey_4","LnQ_base_DEPM_5","LnQ_base_TEP_all_6","LnQ_base_AT_Survey_4_BLK5repl_2015","Size_inflection_MexCal_S1_1","Size_95.width_MexCal_S1_1","AgeSel_P1_MexCal_S1_1","AgeSel_P2_MexCal_S1_1","AgeSel_P3_MexCal_S1_1","AgeSel_P4_MexCal_S1_1","AgeSel_P5_MexCal_S1_1","AgeSel_P6_MexCal_S1_1","AgeSel_P7_MexCal_S1_1","AgeSel_P8_MexCal_S1_1","AgeSel_P9_MexCal_S1_1","AgeSel_P1_MexCal_S2_2","AgeSel_P2_MexCal_S2_2","AgeSel_P3_MexCal_S2_2","AgeSel_P4_MexCal_S2_2","AgeSel_P5_MexCal_S2_2","AgeSel_P6_MexCal_S2_2","AgeSel_P7_MexCal_S2_2","AgeSel_P8_MexCal_S2_2","AgeSel_P9_MexCal_S2_2","Age_inflection_PNW_3","Age_95.width_PNW_3","AgeSel_P1_AT_Survey_4","AgeSel_P2_AT_Survey_4","AgeSel_P2_MexCal_S1_1_BLK3repl_1983","AgeSel_P2_MexCal_S1_1_BLK3repl_1985","AgeSel_P2_MexCal_S1_1_BLK3repl_1987","AgeSel_P2_MexCal_S1_1_BLK3repl_1989","AgeSel_P2_MexCal_S1_1_BLK3repl_1991","AgeSel_P2_MexCal_S1_1_BLK3repl_1993","AgeSel_P2_MexCal_S1_1_BLK3repl_1995","AgeSel_P2_MexCal_S1_1_BLK3repl_1997","AgeSel_P2_MexCal_S1_1_BLK3repl_1999","AgeSel_P2_MexCal_S1_1_BLK3repl_2001","AgeSel_P2_MexCal_S1_1_BLK3repl_2003","AgeSel_P2_MexCal_S1_1_BLK3repl_2005","AgeSel_P2_MexCal_S1_1_BLK3repl_2007","AgeSel_P2_MexCal_S1_1_BLK3repl_2009","AgeSel_P2_MexCal_S1_1_BLK3repl_2011","AgeSel_P2_MexCal_S1_1_BLK3repl_2013","AgeSel_P3_MexCal_S1_1_BLK3repl_1983","AgeSel_P3_MexCal_S1_1_BLK3repl_1985","AgeSel_P3_MexCal_S1_1_BLK3repl_1987","AgeSel_P3_MexCal_S1_1_BLK3repl_1989","AgeSel_P3_MexCal_S1_1_BLK3repl_1991","AgeSel_P3_MexCal_S1_1_BLK3repl_1993","AgeSel_P3_MexCal_S1_1_BLK3repl_1995","AgeSel_P3_MexCal_S1_1_BLK3repl_1997","AgeSel_P3_MexCal_S1_1_BLK3repl_1999","AgeSel_P3_MexCal_S1_1_BLK3repl_2001","AgeSel_P3_MexCal_S1_1_BLK3repl_2003","AgeSel_P3_MexCal_S1_1_BLK3repl_2005","AgeSel_P3_MexCal_S1_1_BLK3repl_2007","AgeSel_P3_MexCal_S1_1_BLK3repl_2009","AgeSel_P3_MexCal_S1_1_BLK3repl_2011","AgeSel_P3_MexCal_S1_1_BLK3repl_2013","AgeSel_P4_MexCal_S1_1_BLK3repl_1983","AgeSel_P4_MexCal_S1_1_BLK3repl_1985","AgeSel_P4_MexCal_S1_1_BLK3repl_1987","AgeSel_P4_MexCal_S1_1_BLK3repl_1989","AgeSel_P4_MexCal_S1_1_BLK3repl_1991","AgeSel_P4_MexCal_S1_1_BLK3repl_1993","AgeSel_P4_MexCal_S1_1_BLK3repl_1995","AgeSel_P4_MexCal_S1_1_BLK3repl_1997","AgeSel_P4_MexCal_S1_1_BLK3repl_1999","AgeSel_P4_MexCal_S1_1_BLK3repl_2001","AgeSel_P4_MexCal_S1_1_BLK3repl_2003","AgeSel_P4_MexCal_S1_1_BLK3repl_2005","AgeSel_P4_MexCal_S1_1_BLK3repl_2007","AgeSel_P4_MexCal_S1_1_BLK3repl_2009","AgeSel_P4_MexCal_S1_1_BLK3repl_2011","AgeSel_P4_MexCal_S1_1_BLK3repl_2013","AgeSel_P5_MexCal_S1_1_BLK3repl_1983","AgeSel_P5_MexCal_S1_1_BLK3repl_1985","AgeSel_P5_MexCal_S1_1_BLK3repl_1987","AgeSel_P5_MexCal_S1_1_BLK3repl_1989","AgeSel_P5_MexCal_S1_1_BLK3repl_1991","AgeSel_P5_MexCal_S1_1_BLK3repl_1993","AgeSel_P5_MexCal_S1_1_BLK3repl_1995","AgeSel_P5_MexCal_S1_1_BLK3repl_1997","AgeSel_P5_MexCal_S1_1_BLK3repl_1999","AgeSel_P5_MexCal_S1_1_BLK3repl_2001","AgeSel_P5_MexCal_S1_1_BLK3repl_2003","AgeSel_P5_MexCal_S1_1_BLK3repl_2005","AgeSel_P5_MexCal_S1_1_BLK3repl_2007","AgeSel_P5_MexCal_S1_1_BLK3repl_2009","AgeSel_P5_MexCal_S1_1_BLK3repl_2011","AgeSel_P5_MexCal_S1_1_BLK3repl_2013","AgeSel_P2_MexCal_S2_2_BLK7add_1987","AgeSel_P2_MexCal_S2_2_BLK7add_1989","AgeSel_P2_MexCal_S2_2_BLK7add_1991","AgeSel_P2_MexCal_S2_2_BLK7add_1993","AgeSel_P2_MexCal_S2_2_BLK7add_1995","AgeSel_P2_MexCal_S2_2_BLK7add_1997","AgeSel_P2_MexCal_S2_2_BLK7add_1999","AgeSel_P2_MexCal_S2_2_BLK7add_2001","AgeSel_P2_MexCal_S2_2_BLK7add_2003","AgeSel_P2_MexCal_S2_2_BLK7add_2005","AgeSel_P2_MexCal_S2_2_BLK7add_2007","AgeSel_P2_MexCal_S2_2_BLK7add_2009","AgeSel_P2_MexCal_S2_2_BLK7add_2011","AgeSel_P2_MexCal_S2_2_BLK7add_2013","AgeSel_P3_MexCal_S2_2_BLK7add_1987","AgeSel_P3_MexCal_S2_2_BLK7add_1989","AgeSel_P3_MexCal_S2_2_BLK7add_1991","AgeSel_P3_MexCal_S2_2_BLK7add_1993","AgeSel_P3_MexCal_S2_2_BLK7add_1995","AgeSel_P3_MexCal_S2_2_BLK7add_1997","AgeSel_P3_MexCal_S2_2_BLK7add_1999","AgeSel_P3_MexCal_S2_2_BLK7add_2001","AgeSel_P3_MexCal_S2_2_BLK7add_2003","AgeSel_P3_MexCal_S2_2_BLK7add_2005","AgeSel_P3_MexCal_S2_2_BLK7add_2007","AgeSel_P3_MexCal_S2_2_BLK7add_2009","AgeSel_P3_MexCal_S2_2_BLK7add_2011","AgeSel_P3_MexCal_S2_2_BLK7add_2013","AgeSel_P4_MexCal_S2_2_BLK7add_1987","AgeSel_P4_MexCal_S2_2_BLK7add_1989","AgeSel_P4_MexCal_S2_2_BLK7add_1991","AgeSel_P4_MexCal_S2_2_BLK7add_1993","AgeSel_P4_MexCal_S2_2_BLK7add_1995","AgeSel_P4_MexCal_S2_2_BLK7add_1997","AgeSel_P4_MexCal_S2_2_BLK7add_1999","AgeSel_P4_MexCal_S2_2_BLK7add_2001","AgeSel_P4_MexCal_S2_2_BLK7add_2003","AgeSel_P4_MexCal_S2_2_BLK7add_2005","AgeSel_P4_MexCal_S2_2_BLK7add_2007","AgeSel_P4_MexCal_S2_2_BLK7add_2009","AgeSel_P4_MexCal_S2_2_BLK7add_2011","AgeSel_P4_MexCal_S2_2_BLK7add_2013","Age_inflection_PNW_3_BLK4repl_1999","Age_inflection_PNW_3_BLK4repl_2001","Age_inflection_PNW_3_BLK4repl_2003","Age_inflection_PNW_3_BLK4repl_2005","Age_inflection_PNW_3_BLK4repl_2007","Age_inflection_PNW_3_BLK4repl_2009","Age_inflection_PNW_3_BLK4repl_2011","Age_inflection_PNW_3_BLK4repl_2013","AgeSel_P2_AT_Survey_4_BLK2repl_2012","AgeSel_P2_AT_Survey_4_BLK2repl_2013","AgeSel_P2_AT_Survey_4_BLK2repl_2014","AgeSel_P2_AT_Survey_4_BLK2repl_2015","AgeSel_P2_AT_Survey_4_BLK2repl_2016","AgeSel_P2_AT_Survey_4_BLK2repl_2017","AgeSel_P2_AT_Survey_4_BLK2repl_2018","AgeSel_P2_AT_Survey_4_BLK2repl_2019","L_at_Amax_Fem_GP_1_DEVmult_1982","L_at_Amax_Fem_GP_1_DEVmult_1983","L_at_Amax_Fem_GP_1_DEVmult_1984","L_at_Amax_Fem_GP_1_DEVmult_1985","L_at_Amax_Fem_GP_1_DEVmult_1986","L_at_Amax_Fem_GP_1_DEVmult_1987","L_at_Amax_Fem_GP_1_DEVmult_1988","L_at_Amax_Fem_GP_1_DEVmult_1989","L_at_Amax_Fem_GP_1_DEVmult_1990","L_at_Amax_Fem_GP_1_DEVmult_1991","L_at_Amax_Fem_GP_1_DEVmult_1992","L_at_Amax_Fem_GP_1_DEVmult_1993","L_at_Amax_Fem_GP_1_DEVmult_1994","L_at_Amax_Fem_GP_1_DEVmult_1995","L_at_Amax_Fem_GP_1_DEVmult_1996","L_at_Amax_Fem_GP_1_DEVmult_1997","L_at_Amax_Fem_GP_1_DEVmult_1998","L_at_Amax_Fem_GP_1_DEVmult_1999","L_at_Amax_Fem_GP_1_DEVmult_2000","L_at_Amax_Fem_GP_1_DEVmult_2001","L_at_Amax_Fem_GP_1_DEVmult_2002","L_at_Amax_Fem_GP_1_DEVmult_2003","L_at_Amax_Fem_GP_1_DEVmult_2004","L_at_Amax_Fem_GP_1_DEVmult_2005","L_at_Amax_Fem_GP_1_DEVmult_2006","L_at_Amax_Fem_GP_1_DEVmult_2007","L_at_Amax_Fem_GP_1_DEVmult_2008","L_at_Amax_Fem_GP_1_DEVmult_2009","L_at_Amax_Fem_GP_1_DEVmult_2010","L_at_Amax_Fem_GP_1_DEVmult_2011","L_at_Amax_Fem_GP_1_DEVmult_2012","L_at_Amax_Fem_GP_1_DEVmult_2013","L_at_Amax_Fem_GP_1_DEVmult_2014","L_at_Amax_Fem_GP_1_DEVmult_2015","L_at_Amax_Fem_GP_1_DEVmult_2016","L_at_Amax_Fem_GP_1_DEVmult_2017","L_at_Amax_Fem_GP_1_DEVmult_2018","L_at_Amax_Fem_GP_1_DEVmult_2019","CohortGrowDev_DEVmult_1982","CohortGrowDev_DEVmult_1983","CohortGrowDev_DEVmult_1984","CohortGrowDev_DEVmult_1985","CohortGrowDev_DEVmult_1986","CohortGrowDev_DEVmult_1987","CohortGrowDev_DEVmult_1988","CohortGrowDev_DEVmult_1989","CohortGrowDev_DEVmult_1990","CohortGrowDev_DEVmult_1991","CohortGrowDev_DEVmult_1992","CohortGrowDev_DEVmult_1993","CohortGrowDev_DEVmult_1994","CohortGrowDev_DEVmult_1995","CohortGrowDev_DEVmult_1996","CohortGrowDev_DEVmult_1997","CohortGrowDev_DEVmult_1998","CohortGrowDev_DEVmult_1999","CohortGrowDev_DEVmult_2000","CohortGrowDev_DEVmult_2001","CohortGrowDev_DEVmult_2002","CohortGrowDev_DEVmult_2003","CohortGrowDev_DEVmult_2004","CohortGrowDev_DEVmult_2005","CohortGrowDev_DEVmult_2006","CohortGrowDev_DEVmult_2007","CohortGrowDev_DEVmult_2008","CohortGrowDev_DEVmult_2009","CohortGrowDev_DEVmult_2010","CohortGrowDev_DEVmult_2011","CohortGrowDev_DEVmult_2012","CohortGrowDev_DEVmult_2013","CohortGrowDev_DEVmult_2014","CohortGrowDev_DEVmult_2015","CohortGrowDev_DEVmult_2016","CohortGrowDev_DEVmult_2017","CohortGrowDev_DEVmult_2018","CohortGrowDev_DEVmult_2019","dead.B.._1","dead.B.._2","dead.B.._3","NLL_TOTAL","NLL_Catch","NLL_Equil_catch","NLL_Survey","NLL_Length_comp","NLL_Age_comp","NLL_Recruitment","NLL_InitEQ_Regime","NLL_Forecast_Recruitment","NLL_Parm_priors","NLL_Parm_softbounds","NLL_Parm_devs","NLL_Crash_Pen","Curr_Var_Adj_lcomp_flt_1_MexCal_S1","Curr_Var_Adj_lcomp_flt_2_MexCal_S2","Curr_Var_Adj_lcomp_flt_3_PNW","Curr_Var_Adj_lcomp_flt_4_AT_Survey","Curr_Var_Adj_agecomp_flt_1_MexCal_S1","Curr_Var_Adj_agecomp_flt_2_MexCal_S2","Curr_Var_Adj_agecomp_flt_3_PNW","Curr_Var_Adj_agecomp_flt_4_AT_Survey","version","RunTime","model_run","hessian","Niterations","ForeRecr_2021","Impl_err_2021","ForeRecr_2022","Impl_err_2022","ForeRecr_2023","Impl_err_2023","ForeRecr_2024","Impl_err_2024","ForeRecr_2025","Impl_err_2025","ForeRecr_2020","Impl_err_2020","iteration","scenario"
1273410,1444910,1406650,11159700,509364,0.55,0.445076,214698,254682,0.882652,192399,477669,0.531333,0.480973,215146,215146,NA,0.15903130581235,NA,"1976.1","1984.2","2016.9","2017.4","0.9365",NA,NA,NA,0.585,9.67838,22.971,0.718216,0.187568,0.0421874,7.5242e-06,3.2332,15.44,-0.89252,1,0,1,0.5,0.01,0,0.11,0,16.2278,0.5,1,0,0,-4.62734,-0.00188761,0.13383,-0.874848,-0.427251,0.552018,1.02207,0,-1.81202,-0.341289,0.458243,-2.9401,-0.190999,-0.114781,0,0,11.2921,0,-1.83,-0.59,-0.311,14.0033,2.29626,0.499522,0.500252,9.46417,1.74164,1.59347,0.500196,-0.66792,-1.65064,-4.49007,1.99999,6.77905,1.70081,0.616323,-1.33565,1.03865,-1.40839,0.455257,-4.31671,8.67976,1.01016,0,1.9,4.17226,3.72249,5.11874,3.63071,0.502417,5.71573,-3.1821,-1.07635,-3.97399,-3.25178,-2.14501,-1.78658,-3.30797,6.33691,3.02579,-5.71515,0.461562,1.26412,0.821607,1.01842,12.6822,0.93859,2.12088,-0.0926395,0.221319,-0.247252,-1.47685,-0.915766,0.728638,0.466169,0.770329,0.792639,-6.89241,-5.89973,-1.67836,1.32887,1.74226,0.570357,1.22443,-1.45329,-1.99414,-0.839101,-0.679159,-1.24252,-1.67898,-1.88511,0.837185,-0.821491,-1.43635,-1.71319,2.11267,-6.48761,-1.3218,-8.24582,-3.52126,-1.00352,-0.68627,-1.5887,-1.12307,-0.646722,-6.93749,-9.1005,-2.62741,1.78167,-4.61174,-5.51865,-6.1971,-5.72522,-7.63459,-7.23439,-8.11664,-8.17693,-6.86683,-8.09609,-7.84968,-7.339,-9.9991,-5.62571,0.0409614,-1.55729,-1.35142,-2.33546,-1.70595,-2.31727,-3.20481,-1.97283,-2.70121,-3.03792,-3.34688,-6.81737,-0.921172,-2.30428,-0.662741,0.877921,1.43233,-1.39577,-1.5223,-0.488661,-2.35586,-2.98317,-0.728487,-1.5787,-1.74282,2.1346,-0.0113299,-0.9925,2.68849,2.67879,1.88744,2.67928,3.49694,3.95011,2.57548,2.99237,6.74139,7.46665,2.85021,0,3.17041,0,1.85024,10.0749,1.33544,0.241128,0.369152,0.870974,0.761567,1.16428,0.5211,0.313093,-0.967654,-0.166045,-0.107677,-1.23788,-0.369532,-1.93933,-0.879518,-0.546154,-1.48107,0.312274,2.0448,3.39999,2.56478,1.40693,1.56124,-1.24537,-1.66049,-2.84185,-5.34623,-4.1534,-1.60255,0.0173587,0.125118,1.10211,0.58384,0.617624,1.45033,2.28636,0.58189,0.298504,0.820723,1.80572,2.25527,0.932928,1.96047,0.223234,1.94707,-0.660447,-0.614411,-2.6249,-1.48003,-2.36451,-1.40873,-1.53804,-1.99136,-2.62973,-2.01753,-1.70498,-3.01565,-1.2222,-2.21737,-3.69092,-4.49193,-3.76924,-3.49818,-1.47718,-3.43282,-1.76177,0.115303,0.966623,-0.881076,-1.48107,0.277971,2.41808,2.68504,-0.547445,1.90422,7.09415e-09,0,112628,4.25712,2305.37,4.35053,0,66.6044,1032.89,1024.56,29.9798,0,6.15188,0,0.0377018,140.554,0,1,1,1,1,1,1,1,1,"3.30.16.00;_2020_09_03;_safe;_Stock_Synthesis_by_Richard_Methot_(NOAA)_using_ADMB_12.2",0.0166666666666667,"0_estimate_cohort_growh_OM",FALSE,1,NA,NA,NA,NA,NA,NA,NA,NA,NA,NA,NA,NA,"1","cohortGrowthself_compNsamp"
1067220,1310740,1273180,10982400,426886,0.55,0.37651,181390,213443,0.651068,153284,393844,0.526779,0.411374,182143,182143,NA,0.0443698881655817,1.22296424006879,"1976.1","1984.2","2016.9","2017.4","0.9365",NA,NA,NA,0.585,9.88229,23.0798,0.652718,0.185874,0.0427391,7.5242e-06,3.2332,15.44,-0.89252,1,0,1,0.5,0.01,0,0.11,0,16.2118,0.5,1,0,0,-4.52455,-2.9772e-05,0.00925773,-0.384023,-0.803154,0.86357,1.06068,-0.380857,0,NA,NA,NA,NA,NA,NA,NA,14,0,-1.83,-0.59,-0.311,13.6306,2.27966,0.499996,0.500945,9.54166,3.73843,0.490995,0.318013,-0.768758,-1.91057,-4.31248,1.99999,8.322,1.51761,0.38312,-0.546265,0.0355435,-0.81717,-0.153638,-2.32224,9.36914,1.14508,0,0.018858,4.80649,4.71921,5.84047,3.06827,0.502596,6.34752,-2.09405,-1.20135,-5.2975,-3.26532,-1.60678,-1.91819,-3.70165,6.71621,3.82684,-5.45864,-1.07613,0.44892,0.316033,1.91423,11.4805,-0.593439,1.64178,-0.434757,1.052,-0.590698,-2.03552,-1.07171,0.72172,0.121849,0.144869,1.06541,-7.13451,-6.73972,0.512819,2.65916,1.55086,1.90576,1.54394,-0.657219,-0.0434329,0.0591636,-0.203614,-1.08101,-0.956859,-0.705116,0.979275,-0.672773,-1.40659,-1.34958,-0.0579866,-7.32165,-0.627461,-8.44603,-3.27548,-0.360298,-0.675537,-1.92864,0.531165,0.000752704,-4.79231,-8.10178,-2.17553,1.85094,9.43629,-6.54337,-8.08658,-7.63128,-9.00714,-8.08236,-9.38426,-9.9964,-7.76063,-9.06492,-9.0559,-8.79353,-9.53261,-7.44685,0.0683733,-1.95781,-1.5326,-1.80791,-0.801921,-2.29631,-1.7432,-1.24735,-2.96013,-2.61747,-2.45038,-3.7357,-0.686057,-1.63822,-0.0698927,1.08511,1.56372,-1.16238,-1.28774,-0.193692,-2.06894,-2.52636,0.386627,-1.7902,-2.17911,-0.98994,-0.107304,-0.586261,2.56355,2.62299,2.02364,2.95151,3.39947,4.43359,2.53458,3.15591,7.33334,7.41576,0.62046,0,8.04333,0,0.0513047,10.013,1.42564,0.430952,0.454041,0.810269,1.22494,1.63283,0.649003,0.833977,-0.294185,-0.0410096,-0.207665,-0.865054,-0.0995283,-1.10756,-0.646549,-0.603944,-1.24505,0.37969,1.1695,1.73114,1.00528,0.998128,-0.286016,-1.0963,-1.15577,-2.15398,-3.45436,-2.56228,-1.658,0.0806918,1.27617,0.944594,0.340704,0.177523,0.530487,0.948638,0.160705,0.0562636,0.713558,1.94339,2.34598,1.71962,1.85801,0.216555,1.47882,-0.0247396,-0.692038,-1.84829,-1.31104,-1.89743,-1.00942,-1.10357,-2.03292,-2.33177,-1.37289,-0.870265,-1.99742,-0.843155,-0.436114,-3.27103,-3.66163,-3.65598,-2.72655,-1.67767,-2.46952,-1.4482,-0.0476605,1.02763,-0.366188,-0.377976,-0.426641,1.64131,2.29694,0.216248,0.89157,-0.10173,0,2.90394,0.000604489,1956.61,0.0193404,0,-37.3467,1011.65,872.169,27.5054,0,0.0725259,0,0.053055,82.4822,0,1,1,1,1,1,1,1,1,"3.30.16.00;_2020_09_03;_safe;_Stock_Synthesis_by_Richard_Methot_(NOAA)_using_ADMB_12.2",7.93333333333333,"cohortGrowthOMandEM_EM_2020",FALSE,1409,0,0,NA,NA,NA,NA,NA,NA,NA,NA,NA,NA,"1","cohortGrowthself_compNsamp"
1052340,1296590,1258740,11113300,420936,0.55,0.356287,169979,210468,0.614718,142702,397179,0.533068,0.379544,170348,170348,NA,0.0746976915687435,1.22211906593584,"1976.1","1984.2","2016.9","2017.4","0.9365",NA,NA,NA,0.585,9.95393,23.2512,0.629603,0.183201,0.0400933,7.5242e-06,3.2332,15.44,-0.89252,1,0,1,0.5,0.01,0,0.11,0,16.2237,0.5,1,0,0,-4.55213,-3.43118e-05,0.0122998,-0.494196,-0.817183,0.87373,1.04885,0.191638,-1.15186,0,NA,NA,NA,NA,NA,NA,14,0,-1.83,-0.59,-0.311,13.668,2.30581,0.499859,0.502766,10.6682,2.59672,0.07036,0.332426,-0.970525,-1.78453,-4.81303,1.99999,6.40183,1.60366,0.376836,-0.54302,-0.018635,-0.826623,-0.467159,-1.95787,9.45925,1.0843,0,0.560934,4.82443,4.72729,5.8379,2.96466,0.501348,6.35367,-2.06187,-1.17599,-5.18319,-3.23687,-1.66252,-1.79894,-3.66205,6.72127,3.85301,-5.5452,-1.15713,0.507976,0.325621,2.00977,11.6034,-0.482017,1.63126,-0.45882,1.1961,-0.613745,-1.92324,-1.06702,0.709219,0.121929,0.137529,1.07943,-7.1646,-6.72533,0.56545,2.65441,1.48477,1.77043,1.54191,-0.617477,-0.603923,0.0684543,-0.331851,-1.14001,-0.737045,-0.831707,0.938102,-0.672093,-1.42437,-1.37012,-0.070229,-7.32736,-0.548784,-8.42677,-3.26953,-0.396491,-0.158829,-1.95749,0.659608,0.0365874,-5.68976,-3.1157,-2.03292,1.82753,10.9781,-4.65169,-6.14449,-5.72551,-7.08156,-6.14818,-7.44532,-8.03842,-5.88297,-7.0917,-7.19542,-6.87301,-7.65998,-5.53955,-0.00936873,-2.06853,-1.58602,-1.85046,-0.890693,-2.39881,-1.85553,-1.3618,-2.90916,-2.72423,-2.49993,-3.75332,-0.770807,-1.68574,-0.00219189,1.08975,1.44943,-1.32339,-1.34865,-0.19264,-2.20264,-2.53651,0.30727,-1.73293,-2.04762,-1.03075,-0.0664856,-0.623703,2.5315,2.58411,1.9715,2.87327,3.11536,3.84066,2.47113,3.12667,7.33347,7.40837,0.602647,0,8.03196,0,0.114692,9.99237,1.44226,0.43597,0.451355,0.794179,1.13241,1.4888,0.59837,0.762868,-0.416412,-0.124978,-0.237372,-0.800544,-0.00912561,-1.04566,-0.602343,-0.619364,-1.32164,0.333042,1.00318,1.46323,0.740248,0.830125,-0.375909,-0.981705,-0.874247,-1.81012,-3.1514,-2.48402,-1.6303,-0.136987,0.991488,0.799913,0.318797,0.238214,0.671014,1.02875,0.157712,0.192865,0.725495,1.93344,2.38761,1.80699,1.91355,0.210434,1.49519,0.0458204,-0.563556,-1.74634,-1.31669,-1.88026,-1.04418,-1.12286,-2.03249,-2.21379,-1.38376,-0.771711,-1.93194,-0.635845,-0.936853,-3.18473,-3.62968,-3.91561,-3.17524,-1.81987,-2.48666,-1.46135,0.0247811,0.871128,-0.261273,-0.319843,-0.302405,1.4476,2.51341,0.442428,1.57927,-0.415274,0,5.15467,0.000430657,2208.51,0.0264494,0,-38.3886,1043.57,1093.48,27.5254,0,0.681756,0,0.0328791,81.5825,0,1,1,1,1,1,1,1,1,"3.30.16.00;_2020_09_03;_safe;_Stock_Synthesis_by_Richard_Methot_(NOAA)_using_ADMB_12.2",6.06666666666667,"cohortGrowthOMandEM_EM_2021",FALSE,1059,NA,NA,0,0,NA,NA,NA,NA,NA,NA,NA,NA,"1","cohortGrowthself_compNsamp"
1071550,1309620,1270380,11489200,428618,0.55,0.370365,177673,214309,0.651441,152681,389836,0.522856,0.411358,178655,178655,NA,0.0934813815333296,1.21668785169086,"1976.1","1984.2","2016.9","2017.4","0.9365",NA,NA,NA,0.585,9.91298,23.2132,0.637409,0.184993,0.0398214,7.5242e-06,3.2332,15.44,-0.89252,1,0,1,0.5,0.01,0,0.11,0,16.2569,0.5,1,0,0,-4.61302,-9.54934e-05,0.0223687,-0.652169,-0.825385,0.842168,1.0294,0.428579,-1.73601,-0.439677,0,NA,NA,NA,NA,NA,14,0,-1.83,-0.59,-0.311,13.6479,2.29721,0.500047,0.503047,10.7591,2.44527,0.602195,0.307552,-1.0185,-1.71613,-5.0751,1.99999,4.15094,1.61553,0.491931,-0.550579,-0.0235237,-0.796869,-0.490583,-1.98748,9.39762,1.00883,0,0.672748,4.86795,4.79778,5.84822,3.02726,0.502206,6.36094,-2.06634,-1.18347,-5.23523,-3.21655,-1.6387,-1.81842,-3.6541,6.73013,3.89535,-5.48663,-1.25329,0.51952,0.353596,1.95963,11.5821,-0.564109,1.62475,-0.459593,1.13703,-0.641106,-1.90516,-1.08532,0.702983,0.0884015,0.127125,1.07381,-7.14518,-6.60903,0.562202,2.604,1.49978,1.89434,1.55807,-0.630229,-0.210585,0.0792974,-0.359027,-1.06158,-0.835462,-0.837835,0.959523,-0.625046,-1.36413,-1.33223,0.0816767,-7.17045,-0.572494,-8.44633,-3.20414,-0.364121,-0.51649,-1.93173,0.679196,0.0239932,-5.50854,-3.03836,-2.03533,1.86372,11.611,-2.40908,-3.88923,-3.46993,-4.83136,-3.90527,-5.20147,-5.79375,-3.61472,-4.85612,-4.95276,-4.6481,-5.3268,-3.29819,-0.0129004,-2.09214,-1.62326,-1.85731,-0.90236,-2.41768,-1.85521,-1.40531,-2.91078,-2.74034,-2.51104,-3.73784,-0.786917,-1.76455,-0.0349636,0.96281,1.32162,-1.44175,-1.4424,-0.303322,-2.33645,-2.64834,0.177425,-1.8627,-2.19716,-1.16414,-0.18229,-0.633217,2.47733,2.56066,1.91549,2.82305,3.17104,3.81408,2.42424,3.10463,7.34726,7.41709,0.601967,0,8.01734,0,0.286525,10.0197,1.41473,0.422212,0.451445,0.862432,1.13935,1.4879,0.627612,0.78465,-0.393598,-0.109395,-0.260829,-0.809078,-0.00638426,-1.0441,-0.598554,-0.615756,-1.30206,0.339021,1.0636,1.52093,0.811416,0.892446,-0.390415,-0.96483,-0.894975,-1.69486,-3.14117,-2.47917,-1.67363,-0.103296,1.0392,0.813051,0.297656,0.157721,0.506293,0.884889,0.105138,0.0996723,0.623847,1.90313,2.38693,1.85478,1.87986,0.202416,1.46545,0.0161365,-0.620246,-1.74056,-1.33769,-1.89613,-1.05989,-1.13645,-2.03314,-2.25141,-1.38027,-0.8766,-1.98639,-0.648748,-0.910044,-3.17022,-3.66102,-3.86042,-3.14382,-1.77823,-2.55446,-1.44451,-0.0296877,1.09628,-0.328588,-0.378185,-0.337016,1.71027,2.43851,0.464254,1.64359,-0.54254,0,9.93031,0.000363249,2247.51,0.027787,0,-38.1256,1069.91,1104.44,27.3438,0,1.69536,0,0.0267538,82.196,0,1,1,1,1,1,1,1,1,"3.30.16.00;_2020_09_03;_safe;_Stock_Synthesis_by_Richard_Methot_(NOAA)_using_ADMB_12.2",5.65,"cohortGrowthOMandEM_EM_2022",FALSE,1029,NA,NA,NA,NA,0,0,NA,NA,NA,NA,NA,NA,"1","cohortGrowthself_compNsamp"
1073100,1305620,1266560,11449000,429241,0.55,0.376884,180500,214620,0.656701,153545,395217,0.52622,0.412758,181281,181281,NA,0.0987848436523702,1.22015352148795,"1976.1","1984.2","2016.9","2017.4","0.9365",NA,NA,NA,0.585,9.94519,23.235,0.639619,0.184245,0.0403455,7.5242e-06,3.2332,15.44,-0.89252,1,0,1,0.5,0.01,0,0.11,0,16.2534,0.5,1,0,0,-4.54675,-0.000113182,0.0300503,-0.553111,-0.820553,0.806771,1.00124,0.249793,-1.39148,-0.529472,-0.098184,0,NA,NA,NA,NA,14,0,-1.83,-0.59,-0.311,13.6383,2.29507,0.492292,0.496849,10.9093,2.15995,1.02045,0.640836,-1.4352,-1.40769,-5.52188,1.99999,4.22055,1.55058,0.463119,-0.626832,0.125062,-0.922627,-0.388478,-2.01103,9.54833,1.07991,0,0.586148,4.89392,4.80201,5.8631,2.91016,0.492483,6.36916,-2.04542,-1.16512,-5.24552,-3.23513,-1.62848,-1.80505,-3.66675,6.73076,3.83585,-5.83486,-1.27873,0.467597,0.348819,2.02423,11.6616,-0.46737,1.63209,-0.44878,1.18088,-0.598486,-1.9346,-1.07278,0.710739,0.0976033,0.137075,1.47963,-7.1498,-6.66843,0.617009,2.64074,1.50226,1.75551,1.55808,-0.601314,-0.570173,0.0710233,-0.280651,-0.963261,-0.794904,-0.713637,0.964724,-0.688677,-1.38467,-1.48902,-0.221636,-7.46856,-0.724455,-8.41582,-3.4458,-0.543184,-0.33156,-2.12242,0.433815,-0.444458,-5.8575,-4.05294,-2.25476,1.75907,11.5854,-2.46662,-3.94613,-3.52516,-4.88591,-3.95103,-5.24583,-5.84973,-3.67151,-4.90832,-5.00465,-4.67551,-5.63006,-3.3746,0.057059,-2.02721,-1.53089,-1.79833,-0.834465,-2.34972,-1.80584,-1.29557,-2.88244,-2.65875,-2.44106,-3.71454,-0.707629,-1.48073,-0.026124,1.00267,1.33363,-1.4118,-1.42237,-0.261082,-2.27793,-2.61927,0.241296,-1.82235,-2.15737,-1.1102,-0.144716,-0.856883,2.52129,2.57642,1.96957,2.88576,3.28669,3.93136,2.47999,3.11711,7.32386,7.41448,0.578084,0,8.01221,0,0.483339,10.0013,1.38308,0.405839,0.435758,0.842218,1.10461,1.45304,0.599607,0.762668,-0.420257,-0.129423,-0.267025,-0.820865,-0.0216797,-1.06797,-0.616523,-0.631938,-1.32982,0.337175,1.00332,1.4622,0.735206,0.836588,-0.391553,-1.01501,-0.956883,-1.84572,-3.11748,-2.45169,-1.73856,-0.175409,1.02851,0.890165,0.333488,0.214045,0.619374,0.95491,0.10212,0.0569614,0.58485,1.84928,2.33837,1.80211,1.83557,0.150781,1.41564,-0.0175515,-0.607528,-1.79886,-1.38307,-1.9559,-1.10986,-1.19402,-2.08655,-2.27621,-1.45333,-0.841697,-1.9738,-0.736229,-0.879662,-3.26846,-3.75027,-3.91642,-3.17353,-1.824,-2.57919,-1.46298,-0.0517953,0.21452,-0.267024,-0.114674,-0.595487,1.42481,2.49088,0.406978,1.56936,-0.492668,0,6905.41,0.217786,2222.6,0.0194346,0,-38.6909,1107.52,1042.56,27.3703,0,1.14429,0,0.0270839,82.6464,0,1,1,1,1,1,1,1,1,"3.30.16.00;_2020_09_03;_safe;_Stock_Synthesis_by_Richard_Methot_(NOAA)_using_ADMB_12.2",7.53333333333333,"cohortGrowthOMandEM_EM_2023",FALSE,1281,NA,NA,NA,NA,NA,NA,0,0,NA,NA,NA,NA,"1","cohortGrowthself_compNsamp"
1080400,1311760,1272890,11450700,432161,0.55,0.380187,182870,216081,0.660529,154986,400441,0.52798,0.413397,183549,183549,NA,0.18183795490726,1.22419927507583,"1976.1","1984.2","2016.9","2017.4","0.9365",NA,NA,NA,0.585,10.0342,23.2105,0.643495,0.180874,0.0431555,7.5242e-06,3.2332,15.44,-0.89252,1,0,1,0.5,0.01,0,0.11,0,16.2536,0.5,1,0,0,-4.62043,-0.000221734,0.0159981,-0.652127,-0.801147,0.859015,1.0711,0.286378,-1.3348,-0.430361,0.52723,-0.527612,0,NA,NA,NA,14,0,-1.83,-0.59,-0.311,13.6054,2.29591,0.499993,0.502948,11.0192,2.3459,0.93531,1.03366,-1.7955,-1.13495,-5.42259,1.99999,8.38494,1.51386,0.570152,-0.708675,0.218709,-0.945087,-0.138642,-2.30678,8.62824,1.13947,0,0.832155,4.91975,4.75467,5.88756,2.94066,0.498688,6.39386,-2.00418,-1.12576,-5.21823,-3.27349,-1.52718,-1.84539,-3.63647,6.75565,3.86274,-5.81819,-1.1409,0.534891,0.30597,1.96941,11.5418,-0.572688,1.65753,-0.414148,1.05621,-0.586058,-2.01023,-1.04774,0.734642,0.145141,0.172383,1.42415,-7.12304,-6.65539,0.641684,2.63576,1.59092,1.90475,1.56487,-0.590873,-0.0319919,0.122876,-0.142174,-1.02202,-0.949415,-0.699668,1.01772,-0.647209,-1.27637,-1.44993,-0.635834,-7.85036,-0.87107,-8.42701,-3.7299,-0.734057,-1.01473,-2.39765,0.0254854,-0.777906,-5.5212,-8.05779,-2.65515,1.67402,9.49594,-6.52261,-8.09113,-7.62695,-9.00271,-8.08045,-9.3746,-9.99684,-7.75033,-9.06484,-9.05148,-8.78332,-9.5939,-7.48032,0.0562903,-1.95225,-1.52021,-1.80068,-0.78082,-2.28743,-1.72864,-1.24459,-2.94093,-2.60216,-2.44379,-3.74259,-0.669561,-1.6227,-0.207753,0.924513,1.46358,-1.34891,-1.47289,-0.343394,-2.21305,-2.64644,0.227117,-1.97744,-2.30958,-1.12176,-0.232052,-0.813207,2.56241,2.62727,2.03377,2.95374,3.399,4.42308,2.53966,3.16356,7.3076,7.36762,0.515969,0,8.02149,0,0.482915,10.0205,1.36295,0.400362,0.417862,0.74513,1.08976,1.49471,0.563193,0.761599,-0.409929,-0.135674,-0.258072,-0.885572,-0.107256,-1.11446,-0.662728,-0.651488,-1.32051,0.260978,0.98618,1.45694,0.73225,0.798331,-0.308773,-1.12748,-1.21714,-2.22577,-3.55649,-2.69955,-1.82147,-0.167192,1.00818,0.766595,0.323405,0.296576,0.697003,1.02034,0.109269,0.104256,0.63745,1.8403,2.2809,1.65741,1.78947,0.126179,1.37562,-0.0724655,-0.74928,-1.91868,-1.40922,-1.99963,-1.12745,-1.22865,-2.13288,-2.43833,-1.4693,-0.908852,-2.04805,-0.907763,-0.468346,-3.41956,-3.8006,-3.79206,-2.80913,-1.7955,-2.55645,-1.52119,-0.078705,0.793889,-0.349129,-0.335871,-0.432925,1.2594,2.18957,0.356933,1.50472,-0.49035,0,37899,1.35496,2117.9,0.020726,0,-39.3015,1148.07,895.124,27.7028,0,1.30264,0,0.0476559,84.9344,0,1,1,1,1,1,1,1,1,"3.30.16.00;_2020_09_03;_safe;_Stock_Synthesis_by_Richard_Methot_(NOAA)_using_ADMB_12.2",6.2,"cohortGrowthOMandEM_EM_2024",FALSE,1003,NA,NA,NA,NA,NA,NA,NA,NA,0,0,NA,NA,"1","cohortGrowthself_compNsamp"
1175030,1391920,1353400,11270800,470010,0.55,0.398417,196618,235005,0.715247,166542,442806,0.532636,0.426408,197058,197058,NA,0.0377867833999197,1.21422876895056,"1976.1","1984.2","2016.9","2017.4","0.9365",NA,NA,NA,0.585,9.90976,23.099,0.649694,0.185446,0.042725,7.5242e-06,3.2332,15.44,-0.89252,1,0,1,0.5,0.01,0,0.11,0,16.2377,0.5,1,0,0,-4.50233,-0.000186568,0.0605869,-0.358217,-0.828096,0.851136,1.0322,0,NA,NA,NA,NA,NA,NA,NA,NA,12.683,0,-1.83,-0.59,-0.311,13.6209,2.28366,0.501278,0.494174,9.52528,1.40866,3.08862,3.95463e-10,-0.765889,-1.63655,-4.68624,1.99999,8.33609,1.54212,0.291934,-0.581634,0.120589,-0.891038,-0.14227,-2.29595,9.35891,1.13544,0,0.00271105,4.80899,4.75418,5.86981,3.09329,0.519598,6.37171,-2.06539,-1.17446,-5.23102,-3.26709,-1.57351,-1.89307,-3.63082,6.73654,3.86213,-5.51488,-1.07134,0.421293,0.319066,1.90815,11.8568,-0.592537,1.64765,-0.428411,1.05804,-0.589975,-2.02663,-1.06275,0.729421,0.119351,0.144918,1.00666,-7.1148,-6.79646,0.44303,2.66893,1.51444,1.90625,1.54419,-0.685478,-0.0341526,0.0397926,-0.319955,-1.1055,-0.958155,-0.694091,0.960466,-0.685331,-1.51422,-1.36594,0.152302,-7.09257,-0.489868,-8.44075,-3.06401,-0.201787,-0.529899,-1.71882,0.898031,0.336947,-4.42509,-8.13349,-1.89428,1.92913,9.40654,-6.54222,-8.08782,-7.62946,-9.00337,-8.08088,-9.38322,-9.99629,-7.75538,-9.06072,-9.04997,-8.79732,-9.52908,-7.45251,0.0403375,-1.97852,-1.55658,-1.83232,-0.822478,-2.31781,-1.7587,-1.27548,-2.97709,-2.63971,-2.46819,-3.75869,-0.709497,-1.66506,0.0196132,1.18592,1.66177,-1.06878,-1.20056,-0.0978717,-1.9846,-2.43214,0.464405,-1.69927,-2.08496,-0.892685,-0.0228713,-0.482293,2.55762,2.61993,2.01873,2.94436,3.39255,4.42777,2.52291,3.1492,7.33636,7.40953,0.606727,0,8.06437,0,0.303311,10.0898,1.42581,0.430335,0.45533,0.808109,1.21388,1.6154,0.636362,0.820807,-0.309398,-0.0564407,-0.212514,-0.859854,-0.0975675,-1.09783,-0.643209,-0.611165,-1.24515,0.365764,1.14932,1.69438,0.973558,0.969759,-0.284295,-1.1054,-1.15869,-2.1654,-3.45899,-2.57644,-1.65837,0.0587628,1.24406,0.918381,0.332089,0.187812,0.539109,0.978934,0.228429,0.165959,0.718979,1.93415,2.34186,1.72147,1.86186,0.213504,1.47936,-0.0230988,-0.686485,-1.85132,-1.31827,-1.90422,-1.0179,-1.10817,-2.03815,-2.33762,-1.36746,-0.871798,-2.0009,-0.839728,-0.432506,-3.28032,-3.66508,-3.67458,-2.70584,-1.69117,-2.47293,-1.45008,-0.0436992,1.0369,-0.3644,-0.388204,-0.399702,1.6549,2.30539,0.222544,1.04367,-2.29661e-08,0,11819.4,2.51,1925.03,0.0256349,0,-36.6995,985.445,866.439,27.1049,0,0,0,0.0532263,82.6659,0,1,1,1,1,1,1,1,1,"3.30.16.00;_2020_09_03;_safe;_Stock_Synthesis_by_Richard_Methot_(NOAA)_using_ADMB_12.2",7.4,"cohortGrowthOMandEM_EM_init",FALSE,1400,NA,NA,NA,NA,NA,NA,NA,NA,NA,NA,0,0,"1","cohortGrowthself_compNsamp"
1273410,1444910,1406650,11159700,509364,0.55,0.445076,214698,254682,0.882652,192399,477669,0.531333,0.480973,215146,215146,NA,0.105588406762722,NA,"1976.1","1984.2","2016.9","2017.4","0.9365",NA,NA,NA,0.585,9.67838,22.971,0.718216,0.187568,0.0421874,7.5242e-06,3.2332,15.44,-0.89252,1,0,1,0.5,0.01,0,0.11,0,16.2278,0.5,1,0,0,-4.62734,-0.00188761,0.13383,-0.874848,-0.427251,0.552018,1.02207,0,-0.220427,-0.0517599,-0.158692,-2.11242,0.36492,-2.76258,0,0,11.2921,0,-1.83,-0.59,-0.311,14.0033,2.29626,0.499522,0.500252,9.46417,1.74164,1.59347,0.500196,-0.66792,-1.65064,-4.49007,1.99999,6.77905,1.70081,0.616323,-1.33565,1.03865,-1.40839,0.455257,-4.31671,8.67976,1.01016,0,1.9,4.17226,3.72249,5.11874,3.63071,0.502417,5.71573,-3.1821,-1.07635,-3.97399,-3.25178,-2.14501,-1.78658,-3.30797,6.33691,3.02579,-5.71515,0.461562,1.26412,0.821607,1.01842,12.6822,0.93859,2.12088,-0.0926395,0.221319,-0.247252,-1.47685,-0.915766,0.728638,0.466169,0.770329,0.792639,-6.89241,-5.89973,-1.67836,1.32887,1.74226,0.570357,1.22443,-1.45329,-1.99414,-0.839101,-0.679159,-1.24252,-1.67898,-1.88511,0.837185,-0.821491,-1.43635,-1.71319,2.11267,-6.48761,-1.3218,-8.24582,-3.52126,-1.00352,-0.68627,-1.5887,-1.12307,-0.646722,-6.93749,-9.1005,-2.62741,1.78167,-4.61174,-5.51865,-6.1971,-5.72522,-7.63459,-7.23439,-8.11664,-8.17693,-6.86683,-8.09609,-7.84968,-7.339,-9.9991,-5.62571,0.0409614,-1.55729,-1.35142,-2.33546,-1.70595,-2.31727,-3.20481,-1.97283,-2.70121,-3.03792,-3.34688,-6.81737,-0.921172,-2.30428,-0.662741,0.877921,1.43233,-1.39577,-1.5223,-0.488661,-2.35586,-2.98317,-0.728487,-1.5787,-1.74282,2.1346,-0.0113299,-0.9925,2.68849,2.67879,1.88744,2.67928,3.49694,3.95011,2.57548,2.99237,6.74139,7.46665,2.85021,0,3.17041,0,1.85024,10.0749,1.33544,0.241128,0.369152,0.870974,0.761567,1.16428,0.5211,0.313093,-0.967654,-0.166045,-0.107677,-1.23788,-0.369532,-1.93933,-0.879518,-0.546154,-1.48107,0.312274,2.0448,3.39999,2.56478,1.40693,1.56124,-1.24537,-1.66049,-2.84185,-5.34623,-4.1534,-1.60255,0.0173587,0.125118,1.10211,0.58384,0.617624,1.45033,2.28636,0.58189,0.298504,0.820723,1.80572,2.25527,0.932928,1.96047,0.223234,1.94707,-0.660447,-0.614411,-2.6249,-1.48003,-2.36451,-1.40873,-1.53804,-1.99136,-2.62973,-2.01753,-1.70498,-3.01565,-1.2222,-2.21737,-3.69092,-4.49193,-3.76924,-3.49818,-1.47718,-3.43282,-1.76177,0.115303,0.966623,-0.881076,-1.48107,0.277971,2.41808,2.68504,-0.547445,1.90422,7.09415e-09,0,53733.1,2.93162,2312.76,11.7373,0,66.6044,1032.89,1024.56,29.9798,0,6.15188,0,0.0377018,140.554,0,1,1,1,1,1,1,1,1,"3.30.16.00;_2020_09_03;_safe;_Stock_Synthesis_by_Richard_Methot_(NOAA)_using_ADMB_12.2",0,"0_estimate_cohort_growh_OM",FALSE,1,NA,NA,NA,NA,NA,NA,NA,NA,NA,NA,NA,NA,"2","cohortGrowthself_compNsamp"
1279570,1543860,1501300,12540200,511828,0.55,0.382542,214418,255914,0.671725,181917,469922,0.525437,0.421003,215413,215413,NA,0.0898743356339098,1.08481093235334,"1976.1","1984.2","2016.9","2017.4","0.9365",NA,NA,NA,0.585,10.1657,23.3064,0.617551,0.180602,0.0412128,7.5242e-06,3.2332,15.44,-0.89252,1,0,1,0.5,0.01,0,0.11,0,16.3444,0.5,1,0,0,-4.63021,-0.0582335,0.231377,-0.736863,-1.21328,1.21734,1.21318,0.444133,0,NA,NA,NA,NA,NA,NA,NA,6.5411,0,-1.83,-0.59,-0.311,13.5322,1.97166,0.500003,0.5027,11.4669,0.373136,1.46636,1.19206,-2.05894,-0.569292,-6.58663,1.99999,8.44256,1.66484,0.185897,-0.887956,0.425813,-1.20056,-0.185696,-1.97571,9.82862,1.10238,0,0.847685,4.43948,4.43021,5.86757,3.01244,0.502768,5.62543,-2.48618,-1.12472,-4.61388,-3.08681,-2.14479,-2.33218,-3.24796,6.58655,3.80186,-4.70844,-0.486487,0.95034,0.0512036,1.31666,11.7613,-1.17878,2.15818,-0.0738009,0.821879,-0.75828,-1.31564,-1.25045,0.530404,0.0214545,0.423408,0.329196,-6.83673,-6.6291,-0.975281,3.26402,2.25504,2.12224,1.33649,-0.742315,-0.65111,0.0689309,-0.46678,-0.175664,-1.49475,-0.893302,1.14489,-0.294965,-1.93443,-1.67977,1.63994,-7.48465,-0.228928,-7.26204,-4.63674,-0.72805,-2.04173,-3.51446,-1.13101,-1.94714,-6.47294,-4.2311,-2.08661,1.63684,9.35305,-6.56014,-8.018,-7.85207,-8.85745,-7.99119,-9.00082,-9.91883,-7.84744,-9.02685,-8.81416,-8.35701,-9.95592,-5.87789,-0.306537,-1.96496,-1.11176,-2.23289,-0.852642,-1.94483,-1.75688,-1.76041,-2.63579,-2.88104,-2.67355,-4.286,-0.782188,-0.912924,-0.153484,1.40506,0.972548,-1.01209,-1.22599,0.017976,-1.95624,-1.49359,0.162662,-0.719843,-1.69999,0.00491601,0.0767177,-0.764804,2.48359,2.60964,1.87319,2.75449,3.76565,4.06044,2.51684,3.26053,7.41637,7.84889,0.924741,0,8.02785,0,0.000436365,10.1146,1.13647,0.262707,0.693575,0.909396,0.752968,1.3683,0.308151,0.489259,-0.495141,0.481642,-0.227232,-0.719638,-0.3536,-0.907907,-0.665033,-0.437171,-0.608016,0.436668,0.909081,1.32318,0.0363683,0.445126,-0.652572,-0.788331,-0.383689,-1.76649,-3.16538,-2.39321,-1.06797,-0.0586615,1.54496,0.643625,0.602793,0.301516,0.579526,0.724864,-0.0582761,0.072332,1.09153,2.17392,2.22537,1.69021,1.93204,0.290814,1.64556,0.14877,-0.401906,-1.56505,-1.32915,-2.13411,-1.17208,-1.19403,-1.59302,-2.27697,-1.50719,-1.03675,-2.01345,-0.806153,-0.342794,-2.91949,-4.50803,-3.86876,-3.23283,-1.40856,-2.89742,-1.31374,0.0824049,0.691928,-1.34435,0.439862,-0.11905,1.9633,2.49201,0.895056,0.864182,0.476389,0,7.9511,0.00231974,2037.52,0.0123864,0,-28.2159,1048.81,910.984,23.1071,0,0.0986273,0,0.0526998,82.6724,0,1,1,1,1,1,1,1,1,"3.30.16.00;_2020_09_03;_safe;_Stock_Synthesis_by_Richard_Methot_(NOAA)_using_ADMB_12.2",6.43333333333333,"cohortGrowthOMandEM_EM_2020",FALSE,1153,0,0,NA,NA,NA,NA,NA,NA,NA,NA,NA,NA,"2","cohortGrowthself_compNsamp"
1143280,1395060,1355030,11811000,457312,0.55,0.369113,189273,228656,0.646875,161491,417739,0.52404,0.408106,190248,190248,NA,0.0995623553566444,1.09198622946576,"1976.1","1984.2","2016.9","2017.4","0.9365",NA,NA,NA,0.585,10.155,23.1958,0.635426,0.179758,0.0435544,7.5242e-06,3.2332,15.44,-0.89252,1,0,1,0.5,0.01,0,0.11,0,16.2845,0.5,1,0,0,-4.3898,-0.00954258,0.0847556,-0.384938,-1.17899,1.07554,1.09101,-0.215498,-0.313408,0,NA,NA,NA,NA,NA,NA,8.21532,0,-1.83,-0.59,-0.311,13.4947,1.94586,0.486462,0.500399,11.2042,0.698238,2.18342,0.653279,-1.44358,-1.22844,-5.55416,1.99999,8.51465,1.5427,0.120587,-0.816446,0.311106,-1.14895,-0.0180451,-2.0992,9.80331,1.1437,0,0.6879,4.42098,4.35097,5.84069,2.97332,0.502687,5.60101,-2.51961,-1.1591,-4.63529,-3.12334,-2.17081,-2.41032,-3.25333,6.55133,3.74381,-4.74766,-0.623131,0.912157,0.0880878,1.2713,11.7991,-1.17394,2.17339,-0.0427588,0.811207,-0.721092,-1.34036,-1.2071,0.54851,0.0440974,0.426532,0.35667,-6.8806,-6.63842,-1.43441,3.2756,2.12571,2.13579,1.34447,-0.794535,-0.60451,0.035866,-0.496052,-0.262565,-1.56714,-0.812973,1.12181,-0.370331,-1.83766,-1.72847,2.23325,-7.14736,0.0359835,-7.29003,-4.09653,-0.402017,-1.72877,-3.09138,-0.656796,-1.27733,-5.65675,-7.66217,-1.68542,1.80252,9.36183,-6.62253,-8.07495,-7.90025,-8.91101,-8.05419,-9.07779,-9.9798,-7.90832,-9.09083,-8.85303,-8.41653,-9.99655,-5.89445,-0.161491,-1.83308,-1.01521,-2.11954,-0.720586,-1.80943,-1.61197,-1.61365,-2.56205,-2.75299,-2.56975,-4.16948,-0.685113,-0.7861,-0.15233,1.47555,1.02787,-0.921681,-1.16861,0.0859498,-1.85456,-1.44868,0.279677,-0.689463,-1.68004,0.0846424,0.14005,-0.755851,2.50729,2.63011,1.90611,2.79244,3.79906,4.2718,2.5589,3.26709,7.3882,7.84086,0.866574,0,7.97123,0,0.00043212,9.94457,1.05978,0.249117,0.696311,0.917813,0.804193,1.40887,0.337164,0.525341,-0.4409,0.496345,-0.229632,-0.73462,-0.369524,-0.938221,-0.680984,-0.444826,-0.610259,0.449331,0.988326,1.49356,0.204031,0.49956,-0.586131,-0.879918,-0.558415,-1.95325,-3.3359,-2.45867,-1.08265,-0.0399572,1.68175,0.757196,0.665311,0.411123,0.780404,0.985258,-0.0645761,-0.193416,1.02139,2.14299,2.1692,1.62388,1.84655,0.248692,1.58624,0.0175323,-0.462961,-1.62863,-1.3904,-2.17942,-1.25441,-1.22226,-1.65187,-2.37026,-1.57651,-1.10407,-2.1188,-0.946752,-0.175209,-3.0337,-4.39323,-3.80309,-3.06082,-1.37435,-2.92286,-1.36186,0.0342934,0.516773,-1.39988,0.510166,-0.185764,1.54126,2.59036,0.634902,0.507949,0.33663,0,47896.7,6.86683,2032.75,0.0108605,0,-27.4029,1086.36,867.034,22.8139,0,0.0723321,0,0.0567876,83.8004,0,1,1,1,1,1,1,1,1,"3.30.16.00;_2020_09_03;_safe;_Stock_Synthesis_by_Richard_Methot_(NOAA)_using_ADMB_12.2",6.43333333333333,"cohortGrowthOMandEM_EM_2021",FALSE,1117,NA,NA,0,0,NA,NA,NA,NA,NA,NA,NA,NA,"2","cohortGrowthself_compNsamp"
1142300,1391880,1350780,12101500,456921,0.55,0.373733,190848,228460,0.652784,162572,419993,0.525754,0.410172,191705,191705,NA,0.0947730713707264,1.09940558202041,"1976.1","1984.2","2016.9","2017.4","0.9365",NA,NA,NA,0.585,10.1295,23.1436,0.641686,0.181108,0.04338,7.5242e-06,3.2332,15.44,-0.89252,1,0,1,0.5,0.01,0,0.11,0,16.3088,0.5,1,0,0,-4.65936,-0.0150786,0.168746,-0.76363,-1.12849,1.22616,1.2386,-0.0746579,-0.280806,-0.458293,0,NA,NA,NA,NA,NA,8.80925,0,-1.83,-0.59,-0.311,13.49,1.94402,0.495573,0.500853,11.3818,1.36871,1.51501,0.995231,-1.73634,-1.24786,-4.76843,1.99999,8.44622,1.51069,0.462208,-0.888878,0.402621,-1.16214,-0.0539631,-2.08223,8.54176,1.16101,0,0.760903,4.46399,4.36167,5.8411,3.12267,0.507317,5.60302,-2.52359,-1.15055,-4.72704,-3.05624,-2.16983,-2.4221,-3.25144,6.56235,3.72234,-4.79456,-0.505853,1.04096,0.0933201,1.29309,11.8081,-1.17088,2.17863,-0.0446924,0.831828,-0.714147,-1.3434,-1.20823,0.547208,0.0436637,0.431531,0.372505,-6.85525,-6.38993,-1.35511,3.26755,2.26605,2.12781,1.33691,-0.777959,-0.618422,0.0346132,-0.457443,-0.257924,-1.57445,-0.810114,1.13991,-0.365202,-1.66812,-1.63783,2.16706,-7.35703,-0.21733,-7.32418,-4.44112,-0.562584,-1.92215,-3.31921,-0.946369,-1.60803,-5.8005,-7.95899,-1.94692,1.71302,9.42744,-6.53283,-8.01537,-7.83266,-8.84392,-7.9889,-9.01211,-9.91337,-7.8479,-9.02766,-8.78756,-8.34953,-9.96952,-5.83622,-0.149021,-1.80802,-0.979736,-2.09553,-0.690269,-1.78313,-1.57731,-1.57489,-2.53349,-2.72323,-2.53847,-4.1473,-0.636857,-0.779932,-0.44414,1.13785,0.75524,-1.23794,-1.47539,-0.238201,-2.18998,-1.77661,-0.0501156,-1.03209,-2.00804,-0.235778,-0.186271,-1.06523,2.51525,2.63913,1.91829,2.8051,3.81435,4.28211,2.57445,3.28357,7.39143,7.82729,0.869199,0,7.96724,0,0.000398833,9.99887,1.11541,0.257687,0.703636,0.930235,0.794042,1.4332,0.356528,0.55647,-0.410532,0.533605,-0.214919,-0.742842,-0.381181,-0.95957,-0.699513,-0.443297,-0.583318,0.504863,1.07029,1.61479,0.30034,0.580405,-0.573588,-0.877553,-0.531835,-1.92942,-3.3319,-2.41801,-1.04265,0.0343639,1.78779,0.819079,0.665988,0.327413,0.65159,0.886227,-0.046826,-0.217794,1.01267,2.13075,2.22504,1.64068,1.86189,0.257687,1.59115,0.0189627,-0.476231,-1.62879,-1.38251,-2.18739,-1.22219,-1.20794,-1.64307,-2.36882,-1.59237,-1.10117,-2.13383,-0.964506,-0.18933,-3.02109,-4.3644,-3.80444,-3.03363,-1.36153,-2.92136,-1.36685,0.0057364,0.615059,-1.41405,0.425965,-0.178345,1.93771,2.55215,0.482405,0.378022,0.0149097,0,9.89204,0.00083127,2084.41,0.00993427,0,-28.3502,1126.03,878.447,23.6136,0,0.147229,0,0.0511581,84.4566,0,1,1,1,1,1,1,1,1,"3.30.16.00;_2020_09_03;_safe;_Stock_Synthesis_by_Richard_Methot_(NOAA)_using_ADMB_12.2",6.48333333333333,"cohortGrowthOMandEM_EM_2022",FALSE,1164,NA,NA,NA,NA,0,0,NA,NA,NA,NA,NA,NA,"2","cohortGrowthself_compNsamp"
1136570,1384760,1343280,12143500,454628,0.55,0.37027,188576,227314,0.648342,161130,416251,0.524675,0.40812,189495,189495,NA,0.130620216555567,1.09045118263149,"1976.1","1984.2","2016.9","2017.4","0.9365",NA,NA,NA,0.585,10.0292,23.2157,0.634215,0.185076,0.0415075,7.5242e-06,3.2332,15.44,-0.89252,1,0,1,0.5,0.01,0,0.11,0,16.3123,0.5,1,0,0,-4.4548,-0.0200589,0.156464,-0.587527,-1.09954,1.0306,1.0999,-0.00162815,-0.51926,-0.399228,-0.184836,0,NA,NA,NA,NA,8.10692,0,-1.83,-0.59,-0.311,13.5729,1.97747,0.49742,0.499611,11.2184,1.76693,1.47783,0.984714,-1.99072,-0.970726,-5.46611,1.99999,4.9041,1.39271,0.368167,-0.830021,0.334514,-1.16262,-0.238509,-1.87166,8.6972,1.17198,0,0.782028,4.4696,4.35512,5.82876,3.10313,0.505319,5.55332,-2.56115,-1.17261,-4.67152,-3.02181,-2.23853,-2.37041,-3.34962,6.55477,3.70604,-4.80668,-0.72484,0.897605,0.0693749,1.44619,11.7775,-1.1134,2.16087,-0.0940814,0.875852,-0.747756,-1.29175,-1.3169,0.565152,-0.00461431,0.408808,0.323823,-6.94565,-6.4225,-1.18337,3.27126,2.17493,2.01564,1.31778,-0.757983,-1.03452,0.0256388,-0.530779,-0.168781,-1.45528,-0.852126,1.10547,-0.354454,-1.78895,-1.92362,1.92832,-7.34584,-0.0895946,-7.29975,-4.42756,-0.591738,-1.51807,-3.29689,-0.865462,-1.73715,-6.46208,-4.37262,-1.84352,1.72257,10.9365,-3.10401,-4.53768,-4.38645,-5.38074,-4.50856,-5.53459,-6.40721,-4.43011,-5.54413,-5.37891,-4.88175,-6.50378,-2.38502,0.00204307,-1.70516,-0.855057,-1.95318,-0.589824,-1.67964,-1.49621,-1.4588,-2.30602,-2.64899,-2.36344,-3.94841,-0.51898,-0.66657,-0.376143,1.21712,0.75054,-1.29069,-1.43133,-0.172784,-2.23735,-1.74093,-0.0410072,-0.938114,-1.92196,-0.237849,-0.076527,-0.981037,2.5237,2.62252,1.90392,2.80219,3.71588,3.98768,2.56178,3.28437,7.41391,7.83351,0.912753,0,7.96118,0,0.000468586,10.0217,1.0908,0.255559,0.698133,0.972851,0.76832,1.35786,0.337106,0.509843,-0.453044,0.51626,-0.213444,-0.685085,-0.317453,-0.922193,-0.660821,-0.424853,-0.581928,0.537953,1.00969,1.49589,0.189758,0.521224,-0.637271,-0.810627,-0.416315,-1.74182,-3.06413,-2.27303,-0.938434,0.0711616,1.71058,0.76961,0.664449,0.34709,0.623882,0.797191,-0.0642051,-0.273245,0.957515,2.10861,2.2635,1.73183,1.89741,0.267937,1.62673,0.0569423,-0.391954,-1.54536,-1.37325,-2.1559,-1.20066,-1.20678,-1.61916,-2.25569,-1.58437,-1.01165,-2.03647,-0.826075,-0.524218,-2.94795,-4.55299,-3.92414,-3.28024,-1.5085,-2.93385,-1.3849,0.0146638,0.641389,-1.39443,0.419789,-0.155737,1.92712,2.53056,0.504678,0.32288,0.0517678,0,42043.8,2.76833,2173.88,0.0186714,0,-30.0172,1157.59,939.951,22.7345,0,0.23159,0,0.0324445,83.3422,0,1,1,1,1,1,1,1,1,"3.30.16.00;_2020_09_03;_safe;_Stock_Synthesis_by_Richard_Methot_(NOAA)_using_ADMB_12.2",6.28333333333333,"cohortGrowthOMandEM_EM_2023",FALSE,1053,NA,NA,NA,NA,NA,NA,0,0,NA,NA,NA,NA,"2","cohortGrowthself_compNsamp"
1133400,1377190,1336120,12048800,453361,0.55,0.378002,190853,226681,0.661972,162737,415936,0.525235,0.415821,191747,191747,NA,0.147857256369961,1.10006981777733,"1976.1","1984.2","2016.9","2017.4","0.9365",NA,NA,NA,0.585,10.0074,23.0809,0.657043,0.183561,0.0442341,7.5242e-06,3.2332,15.44,-0.89252,1,0,1,0.5,0.01,0,0.11,0,16.3045,0.5,1,0,0,-4.56176,-0.00723328,0.117138,-0.558729,-1.11287,1.18,1.19258,0.0249193,-0.50648,-0.236191,-0.184674,-0.821764,0,NA,NA,NA,9.18173,0,-1.83,-0.59,-0.311,13.5313,1.9476,0.500085,0.501876,11.4101,1.6362,1.71836,0.797733,-1.8934,0.115452,-8.1161,1.99999,8.34685,1.46597,0.366019,-0.808609,0.320037,-1.13655,-0.0352742,-2.03677,8.42021,1.14036,0,0.908164,4.37064,4.26469,5.76523,2.9499,0.502476,5.5269,-2.6076,-1.24589,-4.62693,-3.11372,-2.25989,-2.47017,-3.22889,6.50233,3.6519,-4.9348,-0.541246,0.974944,0.094148,1.28611,11.8072,-1.20002,2.15691,-0.0639391,0.81185,-0.737855,-1.35538,-1.25119,0.518374,0.0196469,0.421795,0.37739,-6.87354,-6.4618,-1.48637,3.27611,2.13564,2.14515,1.34234,-0.798252,-0.669923,0.0261947,-0.490359,-0.258719,-1.55304,-0.823646,1.13848,-0.386189,-1.6809,-1.64746,2.30307,-7.16666,-0.0447688,-7.39437,-4.11281,-0.450836,-1.72833,-3.19394,-0.771737,-1.51267,-5.83284,-7.17516,-1.81817,1.75307,9.47995,-6.52599,-7.97109,-7.79691,-8.81164,-7.96023,-8.98195,-9.87189,-7.83219,-8.99233,-8.76282,-8.30913,-9.97418,-5.73944,-0.086934,-1.76007,-0.947301,-2.05579,-0.651721,-1.74448,-1.543,-1.5425,-2.47827,-2.69915,-2.49404,-4.09892,-0.589694,-0.73594,-0.388819,1.22537,0.783998,-1.15258,-1.40214,-0.154838,-2.11708,-1.70914,0.0154069,-0.941233,-1.93587,-0.174717,-0.108712,-1.02635,2.50369,2.62347,1.88875,2.78195,3.78173,4.2657,2.56286,3.26465,7.39635,7.8272,0.885397,0,7.96604,0,0.000443541,9.9824,1.08818,0.248699,0.70254,0.933181,0.83106,1.46335,0.378283,0.570443,-0.391671,0.56009,-0.223536,-0.752439,-0.371894,-0.974605,-0.70209,-0.442109,-0.578812,0.528957,1.10797,1.6942,0.372647,0.647088,-0.549476,-0.884548,-0.549001,-1.9171,-3.31328,-2.36505,-0.974771,0.0678312,1.8485,0.893262,0.718961,0.441819,0.822545,1.03533,-0.0282193,-0.226438,0.977401,2.10669,2.16591,1.59213,1.79765,0.224323,1.54909,-0.0194141,-0.51944,-1.64036,-1.41388,-2.2039,-1.27632,-1.23683,-1.67067,-2.39841,-1.63491,-1.15452,-2.18241,-1.00284,-0.206268,-3.04402,-4.3914,-3.80535,-3.10871,-1.37275,-2.97672,-1.42134,-0.0299905,0.435324,-1.4468,0.495858,-0.23992,1.48822,2.50181,0.494295,0.26861,0.0809629,0,50535.5,3.15188,2163.02,0.0133396,0,-29.7069,1192.15,891.716,23.3672,0,0.511165,0,0.0508052,84.9189,0,1,1,1,1,1,1,1,1,"3.30.16.00;_2020_09_03;_safe;_Stock_Synthesis_by_Richard_Methot_(NOAA)_using_ADMB_12.2",6.71666666666667,"cohortGrowthOMandEM_EM_2024",FALSE,1148,NA,NA,NA,NA,NA,NA,NA,NA,0,0,NA,NA,"2","cohortGrowthself_compNsamp"
1372970,1627610,1584470,12711000,549187,0.55,0.40668,236541,274594,0.710887,197168,520227,0.53418,0.432195,236998,236998,NA,0.0552852996043199,1.08937036843259,"1976.1","1984.2","2016.9","2017.4","0.9365",NA,NA,NA,0.585,10.1175,23.1953,0.637624,0.180649,0.0437135,7.5242e-06,3.2332,15.44,-0.89252,1,0,1,0.5,0.01,0,0.11,0,16.358,0.5,1,0,0,-4.72895,-0.0340687,0.225964,-1.12898,-1.21933,1.18639,1.22318,0,NA,NA,NA,NA,NA,NA,NA,NA,5.25635,0,-1.83,-0.59,-0.311,13.5119,1.94962,0.50326,0.51006,10.048,0.85145,-1.31483,0.627774,-1.16552,-1.23377,-5.3559,1.99999,8.50171,1.7466,0.288555,-0.813911,0.399394,-1.15824,-0.0638147,-2.08232,9.75439,1.1525,0,1.16794,4.4041,4.37126,5.80878,2.98299,0.501927,5.58382,-2.54957,-1.18342,-4.62932,-3.12013,-2.19424,-2.42682,-3.23882,6.53589,3.73027,-4.82103,-0.482899,1.05389,0.0813775,1.25759,11.7751,-1.18491,2.16252,-0.0531993,0.800316,-0.7299,-1.3485,-1.22549,0.533878,0.0322571,0.422405,0.406712,-6.76527,-6.52181,-1.79027,3.25595,2.12728,2.13646,1.34255,-0.78725,-0.590603,0.0421384,-0.477698,-0.265681,-1.56427,-0.816754,1.124,-0.366407,-1.83557,-1.46246,2.83054,-7.10253,0.0846091,-7.25277,-4.12022,-0.431994,-1.75055,-3.12264,-0.702528,-1.3246,-5.67582,-7.8056,-1.73204,1.78344,9.33759,-6.61982,-8.08355,-7.90853,-8.92291,-8.0644,-9.08837,-9.98315,-7.92809,-9.10375,-8.85323,-8.42865,-9.99678,-5.85962,-0.391434,-2.04427,-1.21516,-2.32503,-0.925632,-2.01189,-1.81531,-1.81703,-2.75337,-2.96665,-2.77139,-4.35233,-0.886317,-0.978503,-0.24484,1.28016,0.865733,-1.09303,-1.3602,-0.0953389,-2.03819,-1.64281,0.064534,-0.866105,-1.86639,-0.139053,-0.0689945,-0.93007,2.51142,2.63486,1.90856,2.79829,3.80179,4.27578,2.57056,3.27195,7.40399,7.85892,0.951479,0,8.05864,0,0.00045062,10.0678,1.05524,0.258167,0.689199,0.903372,0.773858,1.39769,0.330032,0.517809,-0.460009,0.487546,-0.223277,-0.736066,-0.370953,-0.95003,-0.692726,-0.446521,-0.618629,0.438778,0.972198,1.47508,0.193393,0.489382,-0.578744,-0.894917,-0.554336,-1.96364,-3.37503,-2.49135,-1.12144,-0.0570942,1.6681,0.74128,0.622286,0.338208,0.656485,0.813407,-0.0336217,0.158431,1.04479,2.12471,2.18151,1.62125,1.84365,0.240636,1.57655,0.0213095,-0.476787,-1.63722,-1.39456,-2.18062,-1.24834,-1.22439,-1.65891,-2.37735,-1.58157,-1.10683,-2.12095,-0.949738,-0.17658,-3.03863,-4.38461,-3.81392,-3.07164,-1.34355,-2.91444,-1.36113,0.0204705,0.504298,-1.39284,0.537023,-0.199364,1.60349,2.57752,1.07747,0.98378,-1.22852e-08,0,11819.4,2.51,1955.46,0.0114706,0,-27.2297,1019.41,855.149,23.6264,0,0,0,0.0564146,84.4325,0,1,1,1,1,1,1,1,1,"3.30.16.00;_2020_09_03;_safe;_Stock_Synthesis_by_Richard_Methot_(NOAA)_using_ADMB_12.2",5.65,"cohortGrowthOMandEM_EM_init",FALSE,1059,NA,NA,NA,NA,NA,NA,NA,NA,NA,NA,0,0,"2","cohortGrowthself_compNsamp"
1273410,1444910,1406650,11159700,509364,0.55,0.445076,214698,254682,0.882652,192399,477669,0.531333,0.480973,215146,215146,NA,0.250321571675782,NA,"1976.1","1984.2","2016.9","2017.4","0.9365",NA,NA,NA,0.585,9.67838,22.971,0.718216,0.187568,0.0421874,7.5242e-06,3.2332,15.44,-0.89252,1,0,1,0.5,0.01,0,0.11,0,16.2278,0.5,1,0,0,-4.62734,-0.00188761,0.13383,-0.874848,-0.427251,0.552018,1.02207,0,-1.00268,-2.31016,1.19552,-1.57444,0.173265,-1.42245,0,0,11.2921,0,-1.83,-0.59,-0.311,14.0033,2.29626,0.499522,0.500252,9.46417,1.74164,1.59347,0.500196,-0.66792,-1.65064,-4.49007,1.99999,6.77905,1.70081,0.616323,-1.33565,1.03865,-1.40839,0.455257,-4.31671,8.67976,1.01016,0,1.9,4.17226,3.72249,5.11874,3.63071,0.502417,5.71573,-3.1821,-1.07635,-3.97399,-3.25178,-2.14501,-1.78658,-3.30797,6.33691,3.02579,-5.71515,0.461562,1.26412,0.821607,1.01842,12.6822,0.93859,2.12088,-0.0926395,0.221319,-0.247252,-1.47685,-0.915766,0.728638,0.466169,0.770329,0.792639,-6.89241,-5.89973,-1.67836,1.32887,1.74226,0.570357,1.22443,-1.45329,-1.99414,-0.839101,-0.679159,-1.24252,-1.67898,-1.88511,0.837185,-0.821491,-1.43635,-1.71319,2.11267,-6.48761,-1.3218,-8.24582,-3.52126,-1.00352,-0.68627,-1.5887,-1.12307,-0.646722,-6.93749,-9.1005,-2.62741,1.78167,-4.61174,-5.51865,-6.1971,-5.72522,-7.63459,-7.23439,-8.11664,-8.17693,-6.86683,-8.09609,-7.84968,-7.339,-9.9991,-5.62571,0.0409614,-1.55729,-1.35142,-2.33546,-1.70595,-2.31727,-3.20481,-1.97283,-2.70121,-3.03792,-3.34688,-6.81737,-0.921172,-2.30428,-0.662741,0.877921,1.43233,-1.39577,-1.5223,-0.488661,-2.35586,-2.98317,-0.728487,-1.5787,-1.74282,2.1346,-0.0113299,-0.9925,2.68849,2.67879,1.88744,2.67928,3.49694,3.95011,2.57548,2.99237,6.74139,7.46665,2.85021,0,3.17041,0,1.85024,10.0749,1.33544,0.241128,0.369152,0.870974,0.761567,1.16428,0.5211,0.313093,-0.967654,-0.166045,-0.107677,-1.23788,-0.369532,-1.93933,-0.879518,-0.546154,-1.48107,0.312274,2.0448,3.39999,2.56478,1.40693,1.56124,-1.24537,-1.66049,-2.84185,-5.34623,-4.1534,-1.60255,0.0173587,0.125118,1.10211,0.58384,0.617624,1.45033,2.28636,0.58189,0.298504,0.820723,1.80572,2.25527,0.932928,1.96047,0.223234,1.94707,-0.660447,-0.614411,-2.6249,-1.48003,-2.36451,-1.40873,-1.53804,-1.99136,-2.62973,-2.01753,-1.70498,-3.01565,-1.2222,-2.21737,-3.69092,-4.49193,-3.76924,-3.49818,-1.47718,-3.43282,-1.76177,0.115303,0.966623,-0.881076,-1.48107,0.277971,2.41808,2.68504,-0.547445,1.90422,7.09415e-09,0,169749,4.60685,2304.61,3.58276,0,66.6044,1032.89,1024.56,29.9798,0,6.15188,0,0.0377018,140.554,0,1,1,1,1,1,1,1,1,"3.30.16.00;_2020_09_03;_safe;_Stock_Synthesis_by_Richard_Methot_(NOAA)_using_ADMB_12.2",0.0166666666666667,"0_estimate_cohort_growh_OM",FALSE,1,NA,NA,NA,NA,NA,NA,NA,NA,NA,NA,NA,NA,"5","cohortGrowthself_compNsamp"
1125300,1377880,1338930,11426000,450119,0.55,0.373689,188918,225059,0.654727,161305,408984,0.522584,0.415728,190011,190011,NA,0.0456654510592703,1.15311009975769,"1976.1","1984.2","2016.9","2017.4","0.9365",NA,NA,NA,0.585,10.0371,23.1328,0.641038,0.183799,0.0429924,7.5242e-06,3.2332,15.44,-0.89252,1,0,1,0.5,0.01,0,0.11,0,16.2514,0.5,1,0,0,-4.39375,-4.84972e-05,0.0357313,-0.196571,-0.928886,0.907376,1.22575,-0.42338,0,NA,NA,NA,NA,NA,NA,NA,13.9999,0,-1.83,-0.59,-0.311,13.7034,2.25434,0.500117,0.502868,10.206,1.06647,2.07693,0.771198,-1.59559,-0.971166,-5.70709,1.99999,8.34495,1.37997,0.245771,-0.926209,0.554518,-0.939105,-0.0882906,-2.34112,8.91164,1.27077,0,0.35342,4.99128,4.42199,5.78751,3.03115,0.503912,5.43604,-2.42313,-0.891935,-4.93082,-3.44765,-2.24262,-1.27996,-3.72948,6.87811,3.58082,-5.6301,-1.11672,0.316486,0.523274,0.756695,12.0118,-0.191467,1.64089,-0.289384,0.948247,-0.853104,-0.996609,-0.985883,0.804223,-0.105509,0.629317,1.15194,-7.04814,-6.07623,-0.16845,3.62689,1.46495,3.65534,1.33997,-0.656138,0.455031,0.757226,-0.687141,-1.25282,-1.14202,-0.790177,1.23595,-1.06297,-1.47112,-0.137884,-0.649517,-7.87145,-1.51283,-7.66423,-2.89737,-1.16936,-2.3396,-2.44842,-0.394013,-1.54714,-6.81907,-9.18563,-2.27706,1.85261,8.8845,-6.43057,-7.37733,-7.77986,-9.25433,-7.97696,-9.21278,-9.47182,-8.19756,-8.95022,-9.28739,-8.57896,-9.99637,-6.14369,0.165748,-1.91227,-1.30526,-1.19532,-0.774536,-1.88567,-1.52214,-1.41186,-2.10194,-2.31274,-2.39937,-4.13925,-0.2874,-0.0514467,-0.479334,1.23379,1.84701,-0.800639,-1.16607,-0.166555,-1.28587,-1.74668,-0.0278409,-1.36889,-1.82893,-0.0974334,0.274598,-0.667909,2.43158,2.84955,2.16187,2.99594,3.80242,4.51407,2.58601,3.25258,7.30961,7.77193,2.20633,0,7.91893,0,0.502314,9.61749,1.21129,0.264203,0.390281,0.938121,1.22559,1.31708,0.267876,0.910637,-0.242092,-0.0996077,-0.380381,-0.67696,-0.214178,-1.08128,-0.711701,-0.690762,-0.978136,0.235428,1.52425,1.87612,0.453572,0.884104,-0.733393,-1.24425,-0.544641,-2.15575,-3.28362,-2.99054,-1.79743,0.29937,1.2647,0.65995,0.747657,0.220078,0.920987,1.21594,0.162973,0.330422,0.714265,1.825,2.31399,1.90003,1.4852,0.847194,1.64248,-0.803086,-0.0925375,-1.64197,-1.24343,-1.87748,-1.21093,-1.38867,-1.78092,-2.36897,-1.4261,-1.10708,-1.99345,-0.622055,-1.1138,-3.16102,-4.09187,-3.47858,-3.22851,-1.44764,-2.60558,-1.33446,0.111192,1.0556,-0.877456,0.48237,-0.155186,1.75519,2.8816,-0.289953,1.01722,0.0281088,0,5.55202,0.000601254,2012.7,0.0431364,0,-32.502,1073.85,858.754,24.8833,0,0.0896253,0,0.0464626,87.5347,0,1,1,1,1,1,1,1,1,"3.30.16.00;_2020_09_03;_safe;_Stock_Synthesis_by_Richard_Methot_(NOAA)_using_ADMB_12.2",6.51666666666667,"cohortGrowthOMandEM_EM_2020",FALSE,1335,0,0,NA,NA,NA,NA,NA,NA,NA,NA,NA,NA,"5","cohortGrowthself_compNsamp"
1147990,1406620,1366230,11856100,459198,0.55,0.368219,190507,229599,0.638661,160833,426869,0.528879,0.398983,191156,191156,NA,0.0731806100493608,1.1500537666551,"1976.1","1984.2","2016.9","2017.4","0.9365",NA,NA,NA,0.585,10.0557,23.1677,0.637527,0.183322,0.042777,7.5242e-06,3.2332,15.44,-0.89252,1,0,1,0.5,0.01,0,0.11,0,16.2884,0.5,1,0,0,-4.5012,-6.10704e-05,0.0456949,-0.406328,-0.984255,0.966184,1.26623,-0.33685,-1.11396,0,NA,NA,NA,NA,NA,NA,14,0,-1.83,-0.59,-0.311,13.7062,2.26157,0.500013,0.502503,11.0936,0.879932,1.59836,0.891881,-1.14373,-1.57536,-4.86258,1.99999,8.33996,1.49065,0.286888,-1.00667,0.647103,-0.987887,-0.088766,-2.36187,8.94329,1.26755,0,0.473542,5.0069,4.463,5.79664,3.03592,0.503871,5.44803,-2.407,-0.875708,-4.91263,-3.4432,-2.22435,-1.26361,-3.65091,6.88934,3.58705,-5.66053,-1.09743,0.363528,0.510617,0.746568,12.0001,-0.183365,1.64203,-0.291726,0.945824,-0.858575,-0.999497,-0.989393,0.801151,-0.105041,0.633501,1.14879,-6.98859,-6.05477,-0.136606,3.63671,1.59212,3.63406,1.34203,-0.636294,0.466015,0.780619,-0.615962,-1.23412,-1.13034,-0.789112,1.24761,-1.05822,-1.4546,-0.00924939,-0.722943,-7.99345,-1.68696,-7.73593,-3.07634,-1.30438,-2.49304,-2.62714,-0.640265,-1.88707,-7.02215,-9.24744,-2.49399,1.75295,8.87607,-6.42527,-7.36774,-7.77074,-9.24302,-7.96541,-9.20037,-9.46005,-8.18749,-8.93888,-9.27466,-8.56816,-9.99649,-6.12857,0.032131,-2.02908,-1.44988,-1.30463,-0.884638,-1.99746,-1.63306,-1.52386,-2.2056,-2.42665,-2.51371,-4.25282,-0.395704,-0.164198,-0.459137,1.20798,1.83826,-0.867783,-1.20914,-0.195465,-1.31401,-1.76743,-0.0623031,-1.40682,-1.84136,-0.118561,0.254053,-0.705489,2.43026,2.84852,2.16155,2.99472,3.79738,4.50987,2.58659,3.25511,7.30616,7.77023,2.21634,0,7.88676,0,0.540312,9.84197,1.2055,0.265828,0.384483,0.919366,1.19171,1.28624,0.252583,0.892227,-0.275456,-0.126901,-0.388162,-0.684261,-0.216414,-1.07914,-0.711453,-0.688958,-0.991331,0.204897,1.4755,1.80798,0.392687,0.837265,-0.744266,-1.24241,-0.536442,-2.17029,-3.32225,-3.03391,-1.8355,0.242007,1.19892,0.611739,0.736116,0.242087,0.952648,1.27917,0.203282,0.704164,0.709245,1.81493,2.31309,1.90087,1.48425,0.837484,1.62949,-0.805171,-0.089071,-1.65571,-1.24427,-1.88179,-1.21838,-1.40104,-1.79395,-2.37577,-1.42653,-1.10693,-1.98627,-0.619192,-1.12076,-3.18053,-4.11294,-3.49992,-3.23604,-1.44874,-2.60579,-1.33576,0.114821,1.03548,-0.872063,0.501526,-0.148714,1.69129,2.85318,-0.156707,1.20325,0.292127,0,4.14675,0.000245683,2057.91,0.0283256,0,-32.3409,1112.44,864.072,24.9823,0,0.677184,0,0.0465484,88.0028,0,1,1,1,1,1,1,1,1,"3.30.16.00;_2020_09_03;_safe;_Stock_Synthesis_by_Richard_Methot_(NOAA)_using_ADMB_12.2",5.85,"cohortGrowthOMandEM_EM_2021",FALSE,1130,NA,NA,0,0,NA,NA,NA,NA,NA,NA,NA,NA,"5","cohortGrowthself_compNsamp"
1187990,1452160,1409530,12485300,475196,0.55,0.369713,196969,237598,0.644312,167311,439528,0.527483,0.402892,197727,197727,NA,0.089169248677611,1.14970657957492,"1976.1","1984.2","2016.9","2017.4","0.9365",NA,NA,NA,0.585,10.0311,23.1826,0.639305,0.184697,0.0426647,7.5242e-06,3.2332,15.44,-0.89252,1,0,1,0.5,0.01,0,0.11,0,16.3401,0.5,1,0,0,-4.72396,-0.000206748,0.0748637,-0.791469,-0.992839,1.05351,1.35585,-0.123626,-1.09089,-1.1512,0,NA,NA,NA,NA,NA,14,0,-1.83,-0.59,-0.311,13.7143,2.26561,0.499871,0.502775,11.2138,1.15968,1.65443,0.582958,-0.933978,-1.71995,-4.41805,1.99999,8.35853,1.57062,0.487412,-1.02359,0.760834,-1.10942,-0.0508085,-2.36761,9.03984,1.26221,0,0.710792,5.03419,4.49605,5.81338,3.06117,0.503915,5.46142,-2.40158,-0.872922,-4.91449,-3.37086,-2.21588,-1.26663,-3.71915,6.90016,3.61707,-5.8071,-1.0286,0.477472,0.515513,0.725287,12.0224,-0.188113,1.63433,-0.296878,0.939788,-0.856222,-1.00075,-0.999251,0.795815,-0.113876,0.624277,1.30965,-6.9229,-5.87443,-0.210799,3.63474,1.55717,3.61391,1.33834,-0.656333,0.469113,0.760179,-0.662764,-1.26098,-1.13605,-0.782277,1.23111,-1.05853,-1.2899,0.267618,-0.307117,-7.80173,-1.52744,-7.70674,-2.9085,-1.12441,-2.3273,-2.38788,-0.3613,-1.4646,-7.02303,-9.16391,-2.24548,1.87931,8.81324,-6.47981,-7.38862,-7.80304,-9.27057,-7.99481,-9.22832,-9.48466,-8.22078,-8.96944,-9.29635,-8.60463,-9.99651,-6.13646,-0.0571847,-2.12301,-1.53211,-1.3861,-0.968074,-2.07643,-1.71237,-1.59912,-2.27482,-2.51519,-2.5958,-4.31177,-0.477875,-0.256668,-0.602749,0.996716,1.51215,-1.11175,-1.43493,-0.405619,-1.53603,-1.99418,-0.297088,-1.61514,-2.06145,-0.360677,0.0221587,-0.896217,2.42755,2.84507,2.15857,2.99003,3.785,4.50005,2.58111,3.25062,7.3166,7.77747,2.23992,0,7.88011,0,0.667683,9.94048,1.19092,0.263166,0.374115,0.897721,1.15306,1.2657,0.241334,0.876582,-0.298698,-0.137408,-0.39669,-0.69068,-0.212584,-1.08009,-0.714305,-0.693566,-0.999009,0.182692,1.44373,1.76374,0.356056,0.806528,-0.748751,-1.24133,-0.541174,-2.19452,-3.36856,-3.07672,-1.87235,0.203135,1.15455,0.590425,0.754839,0.329889,1.07051,1.45192,0.208447,0.452038,0.700014,1.78951,2.30524,1.87042,1.46289,0.809276,1.60681,-0.807498,-0.0648413,-1.67353,-1.27617,-1.90266,-1.24666,-1.42349,-1.82241,-2.39704,-1.44676,-1.12588,-2.00408,-0.632659,-1.15195,-3.20303,-4.13961,-3.52365,-3.25441,-1.45931,-2.61783,-1.35188,0.0890466,1.08102,-0.874272,0.54238,-0.164717,1.56756,2.71358,-0.03148,1.40732,0.350496,0,8.61772,0.000303019,2096.55,0.050756,0,-32.1821,1144.91,868.386,25.4149,0,1.2653,0,0.0461891,88.6568,0,1,1,1,1,1,1,1,1,"3.30.16.00;_2020_09_03;_safe;_Stock_Synthesis_by_Richard_Methot_(NOAA)_using_ADMB_12.2",7.1,"cohortGrowthOMandEM_EM_2022",FALSE,1382,NA,NA,NA,NA,0,0,NA,NA,NA,NA,NA,NA,"5","cohortGrowthself_compNsamp"
1205240,1468780,1424710,12856900,482097,0.55,0.380291,204532,241048,0.65982,173335,447231,0.528304,0.412955,205266,205266,NA,0.0805664763968168,1.15574154116413,"1976.1","1984.2","2016.9","2017.4","0.9365",NA,NA,NA,0.585,9.93878,23.1338,0.64794,0.18727,0.0423787,7.5242e-06,3.2332,15.44,-0.89252,1,0,1,0.5,0.01,0,0.11,0,16.3694,0.5,1,0,0,-4.92162,-0.000469519,-0.0289674,-1.023,-1.01039,1.12413,1.43659,-0.0748219,-1.09391,-1.9824,1.09568,0,NA,NA,NA,NA,14,0,-1.83,-0.59,-0.311,13.7426,2.25933,0.499999,0.503631,11.3643,0.889672,2.23364,0.0509239,-0.72524,-1.67273,-4.66944,1.99999,8.38706,1.62305,0.672981,-1.00882,0.769123,-1.07194,-0.0794637,-2.39786,8.99709,1.28441,0,0.380734,4.99921,4.44814,5.76402,3.02609,0.50368,5.41733,-2.46252,-0.931577,-4.98465,-3.438,-2.2732,-1.32128,-3.70378,6.85704,3.60186,-5.68702,-0.956534,0.576576,0.506452,0.738712,12.0607,-0.194806,1.61724,-0.314232,0.933729,-0.860043,-1.01673,-1.02134,0.776209,-0.144653,0.596685,1.067,-6.84476,-5.70639,-0.363574,3.65432,1.52406,3.6237,1.3241,-0.692675,0.450291,0.717439,-0.795782,-1.31014,-1.12229,-0.771536,1.20136,-1.04716,-1.1723,0.634222,0.18081,-7.5611,-1.40087,-7.46901,-2.60141,-0.850427,-2.04333,-2.0107,0.156638,-0.753961,-7.54297,-9.012,-1.82346,2.01509,8.74663,-6.5478,-7.46254,-7.87942,-9.35062,-8.06762,-9.30975,-9.56329,-8.30119,-9.04285,-9.37068,-8.69008,-9.9966,-6.30155,-0.127452,-2.1592,-1.53634,-1.44016,-1.0316,-2.13656,-1.77231,-1.6483,-2.34145,-2.57977,-2.64912,-4.34768,-0.542048,-0.29609,-0.761303,0.831786,1.33415,-1.25064,-1.60408,-0.597903,-1.7318,-2.20038,-0.495678,-1.79858,-2.25871,-0.584068,-0.194618,-1.05526,2.43644,2.85526,2.16458,3.00279,3.80863,4.52074,2.58233,3.25556,7.34138,7.77463,2.16639,0,7.85437,0,0.581612,10.0151,1.19936,0.266128,0.370211,0.903331,1.17207,1.30555,0.270701,0.906702,-0.250958,-0.110585,-0.385259,-0.682069,-0.223854,-1.09805,-0.731761,-0.698829,-0.982714,0.224334,1.5064,1.86105,0.436279,0.88575,-0.731257,-1.23444,-0.560179,-2.21055,-3.38052,-3.08135,-1.82492,0.302211,1.25382,0.625479,0.727342,0.152785,0.804664,1.15994,0.216335,0.786021,0.710224,1.79807,2.31377,1.87089,1.44082,0.796427,1.59661,-0.816342,-0.0697431,-1.67069,-1.28086,-1.89975,-1.2271,-1.40494,-1.8143,-2.38947,-1.45527,-1.15344,-2.0247,-0.639266,-1.17063,-3.16453,-4.13051,-3.49691,-3.24025,-1.45808,-2.61593,-1.36126,0.0392178,1.21879,-0.890945,0.319264,-0.155345,1.97682,2.71967,-0.0899437,1.40607,0.0950262,0,12.5175,0.000423663,2133.24,0.0279663,0,-32.701,1165.75,881.574,26.0733,0,3.16632,0,0.0475666,89.3026,0,1,1,1,1,1,1,1,1,"3.30.16.00;_2020_09_03;_safe;_Stock_Synthesis_by_Richard_Methot_(NOAA)_using_ADMB_12.2",6.13333333333333,"cohortGrowthOMandEM_EM_2023",FALSE,1193,NA,NA,NA,NA,NA,NA,0,0,NA,NA,NA,NA,"5","cohortGrowthself_compNsamp"
1195490,1455490,1411790,12776800,478198,0.55,0.380275,203079,239099,0.659419,172117,442978,0.527905,0.413595,203840,203840,NA,0.230436385265609,1.15928446677491,"1976.1","1984.2","2016.9","2017.4","0.9365",NA,NA,NA,0.585,9.96732,23.1991,0.64003,0.185923,0.0409112,7.5242e-06,3.2332,15.44,-0.89252,1,0,1,0.5,0.01,0,0.11,0,16.3631,0.5,1,0,0,-4.91756,-0.000434162,-0.00686642,-0.987218,-1.00792,1.17396,1.45178,-0.0542247,-1.07911,-2.06891,1.11336,-0.850722,0,NA,NA,NA,14,0,-1.83,-0.59,-0.311,13.7625,2.26778,0.498685,0.50441,11.6354,0.852825,2.2975,0.0542403,-0.873614,-1.64415,-4.8846,1.99999,8.15824,1.63327,0.640763,-1.03362,0.764845,-1.0755,-0.221587,-2.21834,9.11204,1.30739,0,0.434641,4.9612,4.43879,5.74494,3.01895,0.505075,5.42397,-2.48893,-0.924773,-4.96397,-3.4387,-2.30052,-1.26847,-3.83686,6.85135,3.48538,-5.62269,-0.928472,0.552601,0.51501,0.900762,12.2269,0.0933132,1.62217,-0.32426,1.09452,-0.83712,-1.02539,-1.05282,0.879279,-0.149665,0.60689,1.15846,-6.87216,-5.69248,-0.332233,3.58486,1.47552,3.26305,1.32269,-0.671161,-0.0641843,0.698916,-0.80259,-1.24399,-1.01591,-0.761019,1.18591,-1.15711,-1.20991,0.546438,0.117418,-7.56923,-1.41272,-7.47232,-2.61423,-0.879198,-1.61423,-2.00884,0.185457,-0.782938,-8.67516,-8.96037,-1.72085,2.01437,9.01454,-6.34542,-7.21811,-7.66793,-9.12634,-7.81922,-9.06746,-9.33547,-8.06718,-8.78392,-9.20928,-8.45745,-9.97162,-5.99862,-0.139842,-2.18987,-1.56676,-1.42924,-1.04614,-2.16192,-1.80299,-1.63956,-2.3749,-2.61542,-2.6305,-4.22479,-0.51882,-0.28108,-0.72167,0.872332,1.27874,-1.3893,-1.6386,-0.565424,-1.79636,-2.20106,-0.454877,-1.69471,-2.07542,-0.677097,-0.133504,-1.081,2.44923,2.8529,2.16498,2.97594,3.7592,4.29548,2.5883,3.2558,7.31751,7.78149,2.21447,0,7.85928,0,0.556248,10.029,1.24219,0.266914,0.377402,0.894798,1.15609,1.27508,0.24961,0.876501,-0.303145,-0.137664,-0.379859,-0.635727,-0.154401,-1.06726,-0.699455,-0.694371,-1.00125,0.263103,1.44358,1.73753,0.364139,0.852626,-0.787558,-1.10592,-0.518288,-1.98634,-3.15182,-2.97971,-1.75264,0.273283,1.17305,0.610032,0.738384,0.215249,0.94165,1.22453,0.193114,0.604651,0.730813,1.80544,2.30103,1.87157,1.4694,0.810597,1.60802,-0.793222,0.0694487,-1.62977,-1.29367,-1.90403,-1.26124,-1.42737,-1.81271,-2.28413,-1.48687,-1.06887,-1.96455,-0.588754,-1.27162,-3.06569,-4.27918,-3.58224,-3.62092,-1.49309,-2.65989,-1.39677,0.0581382,0.958514,-0.89432,0.451168,-0.135787,1.73813,2.90198,-0.101687,1.41572,0.106895,0,90478.6,3.90681,2218.54,0.0440784,0,-33.6644,1194.78,938.605,26.2572,0,3.70556,0,0.0440209,88.7672,0,1,1,1,1,1,1,1,1,"3.30.16.00;_2020_09_03;_safe;_Stock_Synthesis_by_Richard_Methot_(NOAA)_using_ADMB_12.2",6.08333333333333,"cohortGrowthOMandEM_EM_2024",FALSE,1121,NA,NA,NA,NA,NA,NA,NA,NA,0,0,NA,NA,"5","cohortGrowthself_compNsamp"
1320670,1570130,1526580,12784500,528270,0.55,0.390312,217651,264135,0.699048,184005,503264,0.535799,0.412312,217975,217975,NA,0.0472131313131313,1.13926015839646,"1976.1","1984.2","2016.9","2017.4","0.9365",NA,NA,NA,0.585,10.0481,23.1239,0.639923,0.183234,0.0432113,7.5242e-06,3.2332,15.44,-0.89252,1,0,1,0.5,0.01,0,0.11,0,16.3637,0.5,1,0,0,-4.68466,-0.000263614,0.101078,-0.594762,-1.009,0.99728,1.32308,0,NA,NA,NA,NA,NA,NA,NA,NA,13.9999,0,-1.83,-0.59,-0.311,13.696,2.24751,0.499492,0.505403,9.03254,0.381056,2.63604,0.6668,-1.00933,-1.4533,-4.71614,1.99999,8.36529,1.50116,0.453158,-0.82333,0.373079,-0.74748,-0.194462,-2.29501,8.43327,1.27369,0,0.196745,5.01476,4.43001,5.78054,3.08306,0.503853,5.42559,-2.44304,-0.894062,-4.96847,-3.45265,-2.25617,-1.29036,-3.73783,6.87014,3.5556,-5.66085,-1.06618,0.447888,0.528748,0.746551,12.0349,-0.193967,1.64976,-0.285345,0.958272,-0.846194,-0.996717,-0.979461,0.813821,-0.0984061,0.633535,1.12159,-6.94348,-5.91606,-0.209688,3.61159,1.55436,3.65854,1.3369,-0.657104,0.466228,0.761367,-0.655261,-1.2477,-1.14572,-0.790375,1.23543,-1.04839,-1.43151,0.111032,-0.412096,-7.83129,-1.60857,-7.63547,-2.89622,-1.13921,-2.35342,-2.45286,-0.43524,-1.56863,-7.0662,-9.18476,-2.31198,1.82259,8.86625,-6.47696,-7.37537,-7.79758,-9.26723,-7.98973,-9.22954,-9.48651,-8.21237,-8.96422,-9.30051,-8.59459,-9.99644,-6.12059,0.0314218,-2.04097,-1.40799,-1.31652,-0.894479,-2.00386,-1.64398,-1.52913,-2.22991,-2.42911,-2.51645,-4.2495,-0.410152,-0.176066,-0.641225,1.01044,1.5038,-1.01743,-1.38235,-0.386925,-1.49789,-1.96846,-0.229883,-1.57746,-2.05121,-0.320959,0.0553269,-0.881632,2.43426,2.85078,2.16431,2.99762,3.80668,4.51562,2.58964,3.25464,7.3154,7.78931,2.26753,0,7.94092,0,0.586479,9.93889,1.21856,0.271792,0.389395,0.932118,1.21099,1.32061,0.270046,0.911541,-0.220133,-0.0810341,-0.374101,-0.674132,-0.217193,-1.08219,-0.713879,-0.68439,-0.976046,0.244649,1.53471,1.89417,0.471104,0.892397,-0.730135,-1.24988,-0.550121,-2.1449,-3.24857,-2.96092,-1.7754,0.323889,1.28979,0.676042,0.767757,0.28291,0.968276,1.14612,0.0883072,0.167972,0.721137,1.84292,2.3477,1.91361,1.50111,0.855056,1.66818,-0.787264,-0.0623422,-1.63793,-1.22524,-1.85954,-1.19172,-1.36651,-1.77216,-2.34999,-1.41049,-1.09054,-1.97716,-0.611288,-1.08818,-3.14744,-4.07217,-3.45547,-3.21438,-1.44219,-2.59989,-1.3216,0.12585,1.07575,-0.878919,0.567785,-0.182814,1.58481,2.54026,-0.175549,1.04616,-2.45731e-08,0,11819.4,2.51,1976.01,0.0251574,0,-33.7154,1043.22,855.842,24.777,0,0,0,0.046792,85.812,0,1,1,1,1,1,1,1,1,"3.30.16.00;_2020_09_03;_safe;_Stock_Synthesis_by_Richard_Methot_(NOAA)_using_ADMB_12.2",7.61666666666667,"cohortGrowthOMandEM_EM_init",FALSE,1341,NA,NA,NA,NA,NA,NA,NA,NA,NA,NA,0,0,"5","cohortGrowthself_compNsamp"
1273410,1444910,1406650,11159700,509364,0.55,0.445076,214698,254682,0.882652,192399,477669,0.531333,0.480973,215146,215146,NA,0.131780535428408,NA,"1976.1","1984.2","2016.9","2017.4","0.9365",NA,NA,NA,0.585,9.67838,22.971,0.718216,0.187568,0.0421874,7.5242e-06,3.2332,15.44,-0.89252,1,0,1,0.5,0.01,0,0.11,0,16.2278,0.5,1,0,0,-4.62734,-0.00188761,0.13383,-0.874848,-0.427251,0.552018,1.02207,0,1.47949,-0.702024,-1.02533,-0.737508,-2.29679,-1.65878,0,0,11.2921,0,-1.83,-0.59,-0.311,14.0033,2.29626,0.499522,0.500252,9.46417,1.74164,1.59347,0.500196,-0.66792,-1.65064,-4.49007,1.99999,6.77905,1.70081,0.616323,-1.33565,1.03865,-1.40839,0.455257,-4.31671,8.67976,1.01016,0,1.9,4.17226,3.72249,5.11874,3.63071,0.502417,5.71573,-3.1821,-1.07635,-3.97399,-3.25178,-2.14501,-1.78658,-3.30797,6.33691,3.02579,-5.71515,0.461562,1.26412,0.821607,1.01842,12.6822,0.93859,2.12088,-0.0926395,0.221319,-0.247252,-1.47685,-0.915766,0.728638,0.466169,0.770329,0.792639,-6.89241,-5.89973,-1.67836,1.32887,1.74226,0.570357,1.22443,-1.45329,-1.99414,-0.839101,-0.679159,-1.24252,-1.67898,-1.88511,0.837185,-0.821491,-1.43635,-1.71319,2.11267,-6.48761,-1.3218,-8.24582,-3.52126,-1.00352,-0.68627,-1.5887,-1.12307,-0.646722,-6.93749,-9.1005,-2.62741,1.78167,-4.61174,-5.51865,-6.1971,-5.72522,-7.63459,-7.23439,-8.11664,-8.17693,-6.86683,-8.09609,-7.84968,-7.339,-9.9991,-5.62571,0.0409614,-1.55729,-1.35142,-2.33546,-1.70595,-2.31727,-3.20481,-1.97283,-2.70121,-3.03792,-3.34688,-6.81737,-0.921172,-2.30428,-0.662741,0.877921,1.43233,-1.39577,-1.5223,-0.488661,-2.35586,-2.98317,-0.728487,-1.5787,-1.74282,2.1346,-0.0113299,-0.9925,2.68849,2.67879,1.88744,2.67928,3.49694,3.95011,2.57548,2.99237,6.74139,7.46665,2.85021,0,3.17041,0,1.85024,10.0749,1.33544,0.241128,0.369152,0.870974,0.761567,1.16428,0.5211,0.313093,-0.967654,-0.166045,-0.107677,-1.23788,-0.369532,-1.93933,-0.879518,-0.546154,-1.48107,0.312274,2.0448,3.39999,2.56478,1.40693,1.56124,-1.24537,-1.66049,-2.84185,-5.34623,-4.1534,-1.60255,0.0173587,0.125118,1.10211,0.58384,0.617624,1.45033,2.28636,0.58189,0.298504,0.820723,1.80572,2.25527,0.932928,1.96047,0.223234,1.94707,-0.660447,-0.614411,-2.6249,-1.48003,-2.36451,-1.40873,-1.53804,-1.99136,-2.62973,-2.01753,-1.70498,-3.01565,-1.2222,-2.21737,-3.69092,-4.49193,-3.76924,-3.49818,-1.47718,-3.43282,-1.76177,0.115303,0.966623,-0.881076,-1.48107,0.277971,2.41808,2.68504,-0.547445,1.90422,7.09415e-09,0,64012.9,3.81835,2305.87,4.84795,0,66.6044,1032.89,1024.56,29.9798,0,6.15188,0,0.0377018,140.554,0,1,1,1,1,1,1,1,1,"3.30.16.00;_2020_09_03;_safe;_Stock_Synthesis_by_Richard_Methot_(NOAA)_using_ADMB_12.2",0.0166666666666667,"0_estimate_cohort_growh_OM",FALSE,1,NA,NA,NA,NA,NA,NA,NA,NA,NA,NA,NA,NA,"6","cohortGrowthself_compNsamp"
1216210,1480660,1440130,11944800,486483,0.55,0.388201,211185,243241,0.667847,177455,448122,0.526344,0.424995,212118,212118,NA,0.0554554082220941,1.12880460932233,"1976.1","1984.2","2016.9","2017.4","0.9365",NA,NA,NA,0.585,10.1015,23.2731,0.633659,0.180607,0.0404456,7.5242e-06,3.2332,15.44,-0.89252,1,0,1,0.5,0.01,0,0.11,0,16.2958,0.5,1,0,0,-4.43374,-0.00216915,0.130615,-0.688288,-1.14683,1.07005,1.23785,-0.254152,0,NA,NA,NA,NA,NA,NA,NA,9.81687,0,-1.83,-0.59,-0.311,13.7735,2.20436,0.503505,0.505576,10.793,1.23668,1.96331,-0.160518,-0.877447,-1.97348,-4.96471,1.99999,6.33669,1.44338,0.340123,-0.513492,0.018529,-0.742692,-0.39957,-1.99533,8.73756,1.0417,0,0.262841,4.3396,4.23904,5.54007,3.05653,2.95524,-1.95035,-3.30465,-1.37797,-5.33423,-3.1924,-2.1581,-1.59968,-3.71353,6.66664,3.51899,-4.3845,0.30489,0.659613,0.459352,1.37694,3.20369,-0.822099,2.07981,-0.00152271,1.44567,-0.861172,-0.887659,-1.15111,0.962852,-0.198147,0.851373,1.95903,-4.87303,-6.20208,-0.376101,3.51109,1.48945,1.84547,1.10421,-0.802837,-0.71465,0.178138,-0.773512,-1.29423,-1.46918,-0.908687,1.14256,-1.33664,-2.79973,-1.60221,-0.00908055,-2.55611,-3.43161,-7.77516,-2.46872,-0.31731,-0.639948,-1.43738,0.224281,2.15624,-5.83651,-2.88474,-1.19401,2.21267,8.88051,-3.91104,-6.27519,-6.04182,-6.63473,-5.97369,-7.16329,-7.614,-5.91397,-7.04668,-7.04517,-6.40858,-7.64369,-5.00152,-0.143166,-1.64567,-0.958454,-1.50522,-0.763845,-2.00071,-2.31843,-1.68299,-2.59285,-2.39335,-2.79823,-4.33438,-0.559981,-1.40628,-0.629358,1.30122,1.21243,-1.38687,-1.57412,-0.0363931,-2.64079,-2.34832,-0.330764,-2.16919,-2.29959,-0.346683,0.346826,-0.205396,2.32988,2.62663,1.90986,2.83119,3.17906,3.4092,2.43398,3.24821,7.45251,7.67938,2.72677,0,7.96336,0,2.71076,9.90548,1.17846,0.306822,0.30607,0.744368,0.989669,1.07897,0.685332,0.674394,-0.412283,-0.159385,-0.302079,-0.693508,-0.229472,-0.940798,-0.502377,-0.24921,-0.749114,0.235267,0.637024,1.98936,1.132,1.04026,-0.599385,-0.797883,-0.653455,-1.8082,-2.52617,-2.02039,-1.17099,-0.398099,0.737982,0.22862,0.042981,0.138902,0.746547,0.794901,-0.172591,0.0187531,0.847387,1.92592,2.14473,1.47121,1.55287,0.557321,1.80521,-0.394771,-0.486646,-1.86783,-1.61182,-1.86609,-1.12334,-1.14476,-1.89152,-2.28166,-1.59548,-1.13856,-2.33013,-0.813109,-0.842783,-3.28855,-4.18438,-4.02787,-3.61476,-1.64103,-2.94298,-1.57856,-0.0589083,0.899527,-0.000551085,-0.333102,-0.240806,1.64048,2.14367,-0.00399375,1.67971,0.03821,0,6.16437,0.00123765,2255.72,0.021243,0,-39.9836,1067.81,1120.9,24.5401,0,0.0322966,0,0.0255365,82.3844,0,1,1,1,1,1,1,1,1,"3.30.16.00;_2020_09_03;_safe;_Stock_Synthesis_by_Richard_Methot_(NOAA)_using_ADMB_12.2",5.46666666666667,"cohortGrowthOMandEM_EM_2020",FALSE,1062,0,0,NA,NA,NA,NA,NA,NA,NA,NA,NA,NA,"6","cohortGrowthself_compNsamp"
1165410,1425350,1384340,11992900,466164,0.55,0.372748,194642,233082,0.644245,163311,438609,0.532267,0.398477,195107,195107,NA,0.0791280977807738,1.12817005991161,"1976.1","1984.2","2016.9","2017.4","0.9365",NA,NA,NA,0.585,9.96262,23.0876,0.658563,0.185773,0.0432943,7.5242e-06,3.2332,15.44,-0.89252,1,0,1,0.5,0.01,0,0.11,0,16.2998,0.5,1,0,0,-4.4626,-0.00240079,0.129666,-0.697821,-1.17041,1.06006,1.25644,-0.665582,0.414559,0,NA,NA,NA,NA,NA,NA,9.89224,0,-1.83,-0.59,-0.311,13.8205,2.21996,0.50005,0.502235,11.1118,1.04533,1.96943,0.140806,-0.422422,-2.68459,-3.62649,1.99999,8.61538,1.46675,0.33322,-0.446316,0.0216264,-0.752271,-0.0753253,-2.40289,9.48568,1.1793,0,0.0181023,4.32785,4.21412,5.52926,3.09895,0.695417,-1.99472,-3.26028,-1.41679,-5.2967,-3.19071,-2.10141,-1.72703,-3.5961,6.64647,3.49618,-4.31211,0.322883,0.668378,0.449333,1.09557,8.04968,-0.92068,1.96472,-0.0393716,1.08309,-0.894088,-1.05491,-1.19048,0.855018,-0.157722,0.776636,1.63736,-4.86504,-6.17277,-0.395821,3.57147,1.447,1.93284,1.113,-0.770471,0.0128826,0.24513,-0.542077,-1.26367,-1.53523,-0.921816,1.22018,-1.25583,-2.69177,-1.48085,0.00081843,-2.74643,-2.70491,-7.81429,-2.62818,-0.485519,-1.3498,-1.6966,-0.245669,1.87748,-5.47005,-5.16355,-1.68504,2.05493,8.48648,-6.24811,-8.63484,-8.39438,-8.99883,-8.35542,-9.57722,-9.99284,-8.24022,-9.45125,-9.34293,-8.7505,-9.99294,-7.35889,-0.156943,-1.66439,-1.02549,-1.56487,-0.762587,-1.97555,-2.10006,-1.6786,-2.72844,-2.41979,-2.80067,-4.47346,-0.543766,-1.34415,-0.659498,1.25984,1.27574,-1.24299,-1.53011,-0.0732261,-2.61225,-2.32854,-0.259419,-2.07688,-2.42479,-0.275681,0.255076,-0.292078,2.39063,2.71735,2.01632,3.01126,3.60146,4.3541,2.55706,3.31859,7.46997,7.69225,2.71464,0,7.98989,0,2.54113,9.97124,1.13086,0.319794,0.31232,0.765844,1.0832,1.17977,0.759934,0.782808,-0.285236,-0.103346,-0.267479,-0.744117,-0.31797,-0.979231,-0.519498,-0.241976,-0.708687,0.229688,0.935256,2.34378,1.42259,1.18957,-0.466255,-0.923995,-0.983228,-2.34757,-2.94872,-2.20439,-1.16122,-0.164102,1.08944,0.468777,0.0494611,-0.0844516,0.489673,0.759304,-0.196358,0.0252926,0.848454,1.93185,2.13024,1.42161,1.49642,0.580301,1.79367,-0.454045,-0.618665,-1.95562,-1.56021,-1.88302,-1.07054,-1.11533,-1.84605,-2.48146,-1.58161,-1.22897,-2.41976,-0.997082,-0.501524,-3.42571,-4.22023,-3.75367,-3.18063,-1.41171,-2.83993,-1.58668,-0.0986276,0.835835,-0.152012,-0.389255,-0.359525,1.95164,2.68331,-0.0880701,1.58857,0.134245,0,8.62487,0.000769538,2038.94,0.02233,0,-39.4875,1091.74,874.641,24.5614,0,0.30743,0,0.0512462,87.1015,0,1,1,1,1,1,1,1,1,"3.30.16.00;_2020_09_03;_safe;_Stock_Synthesis_by_Richard_Methot_(NOAA)_using_ADMB_12.2",6.2,"cohortGrowthOMandEM_EM_2021",FALSE,1244,NA,NA,0,0,NA,NA,NA,NA,NA,NA,NA,NA,"6","cohortGrowthself_compNsamp"
1200930,1465770,1423090,12513600,480371,0.55,0.3749,200828,240186,0.649994,169471,450381,0.531271,0.402338,201358,201358,NA,0.203550411260917,1.13547659461362,"1976.1","1984.2","2016.9","2017.4","0.9365",NA,NA,NA,0.585,9.99639,23.1273,0.654099,0.184082,0.043473,7.5242e-06,3.2332,15.44,-0.89252,1,0,1,0.5,0.01,0,0.11,0,16.3423,0.5,1,0,0,-4.69825,-0.000207096,0.141756,-0.845986,-1.19941,1.1641,1.36077,-0.600356,1.0626,-0.685755,0,NA,NA,NA,NA,NA,13.9999,0,-1.83,-0.59,-0.311,13.8219,2.21482,0.500941,0.502797,11.5645,1.43715,1.75727,0.356883,-0.589676,-2.60924,-3.70831,1.99999,8.60682,1.53403,0.596595,-0.48738,0.0582498,-0.742152,-0.114266,-2.37267,9.54282,1.19042,0,0.353876,4.35922,4.21011,5.50966,3.14746,0.759919,-2.01263,-3.2845,-1.42659,-5.31146,-3.2675,-2.11939,-1.75052,-3.66907,6.62614,3.41814,-4.28176,0.357418,0.796536,0.446168,1.08832,8.0661,-0.925056,1.97017,-0.037748,1.09321,-0.892171,-1.05314,-1.18982,0.853098,-0.154515,0.786417,1.69515,-4.7413,-5.95343,-0.370119,3.57587,1.43811,1.9369,1.11347,-0.746364,0.0291227,0.271009,-0.515181,-1.25057,-1.54189,-0.911598,1.23107,-1.30501,-2.46798,-1.33541,0.010407,-3.07725,-2.8132,-7.81492,-2.79928,-0.601941,-1.43625,-1.84335,-0.400793,1.74704,-5.56956,-5.21335,-1.82347,2.00496,8.51639,-6.23827,-8.6212,-8.3793,-8.98606,-8.34049,-9.56123,-9.98627,-8.22082,-9.44234,-9.31891,-8.7328,-9.99557,-7.33704,-0.244603,-1.73411,-1.09365,-1.63034,-0.826632,-2.03956,-2.15836,-1.74458,-2.79995,-2.48564,-2.87473,-4.5379,-0.612497,-1.39208,-0.838086,1.00536,0.999684,-1.5123,-1.79339,-0.326353,-2.86255,-2.56621,-0.510874,-2.343,-2.66489,-0.526982,0.0129154,-0.575812,2.39839,2.7266,2.02745,3.0244,3.61091,4.35272,2.57075,3.32606,7.46882,7.69263,2.71871,0,7.98519,0,2.41218,10.069,1.12164,0.313084,0.295255,0.741417,1.0171,1.13559,0.728689,0.753912,-0.320408,-0.126458,-0.278379,-0.74843,-0.318037,-0.987055,-0.533885,-0.25585,-0.7389,0.191864,0.875664,2.25078,1.339,1.12049,-0.483239,-0.933737,-0.993707,-2.37027,-2.97226,-2.24179,-1.21293,-0.258559,1.00006,0.438101,0.0715687,0.0135117,0.645431,0.804907,-0.206397,0.0448031,0.844802,1.91735,2.1514,1.42382,1.49938,0.564931,1.78672,-0.453508,-0.619635,-1.96207,-1.57255,-1.89406,-1.06934,-1.13238,-1.85785,-2.49375,-1.59203,-1.21159,-2.41033,-0.998069,-0.505255,-3.44706,-4.23446,-3.76807,-3.16987,-1.4302,-2.84776,-1.58518,-0.0738021,0.673138,-0.0799852,-0.325439,-0.371211,1.5805,2.54327,0.0830028,1.82216,0.393532,0,36232,1.82325,2069.41,0.0128753,0,-40.3515,1119.67,877.38,25.2535,0,0.979904,0,0.0484428,86.4135,0,1,1,1,1,1,1,1,1,"3.30.16.00;_2020_09_03;_safe;_Stock_Synthesis_by_Richard_Methot_(NOAA)_using_ADMB_12.2",7.03333333333333,"cohortGrowthOMandEM_EM_2022",FALSE,1384,NA,NA,NA,NA,0,0,NA,NA,NA,NA,NA,NA,"6","cohortGrowthself_compNsamp"
1209870,1471320,1427810,12716300,483949,0.55,0.381342,205005,241975,0.66138,173376,451776,0.530056,0.411187,205619,205619,NA,0.274278984210483,1.14134757244704,"1976.1","1984.2","2016.9","2017.4","0.9365",NA,NA,NA,0.585,9.9659,23.1405,0.656009,0.186145,0.0429394,7.5242e-06,3.2332,15.44,-0.89252,1,0,1,0.5,0.01,0,0.11,0,16.3584,0.5,1,0,0,-4.86761,-0.000344522,0.125394,-1.00446,-1.18905,1.26948,1.45234,-0.37366,1.33998,-0.809429,-0.995017,0,NA,NA,NA,NA,14,0,-1.83,-0.59,-0.311,13.83,2.2249,0.478326,0.504287,11.6371,1.56444,1.33066,0.663432,-0.887121,-2.38198,-4.02034,1.99999,8.54432,1.57487,0.709859,-0.4835,0.131631,-0.800653,-0.147392,-2.31969,8.71151,1.16947,0,0.589078,4.36331,4.28219,5.53361,3.23007,0.771096,-1.98048,-3.2587,-1.40576,-5.22941,-3.18604,-2.09173,-1.72837,-3.66866,6.65329,3.46663,-4.24038,0.503104,0.828647,0.425734,1.0774,8.0388,-0.924588,1.96659,-0.0497074,1.09365,-0.904698,-1.05939,-1.20302,0.851491,-0.166917,0.777923,1.60512,-4.49351,-5.86295,-0.305637,3.57244,1.42047,1.93289,1.10599,-0.717785,0.02327,0.290841,-0.492696,-1.23579,-1.53554,-0.918177,1.24122,-1.21667,-2.47834,-1.17511,-0.1243,-3.18535,-2.2611,-7.80101,-3.0238,-0.774247,-1.56395,-2.03118,-0.611359,1.54818,-5.79496,-5.06027,-2.02286,1.90092,8.49652,-6.17668,-8.56305,-8.32549,-8.93455,-8.28979,-9.50328,-9.93515,-8.16968,-9.38223,-9.27292,-8.67852,-9.96177,-7.30015,-0.299299,-1.78265,-1.12638,-1.66984,-0.86981,-2.08401,-2.20095,-1.78828,-2.82969,-2.53731,-2.90929,-4.56083,-0.647494,-1.45725,-0.908524,0.878021,0.924847,-1.62125,-1.91906,-0.449653,-3.00286,-2.70245,-0.659288,-2.46657,-2.81184,-0.693251,-0.126468,-0.664888,2.38451,2.71479,2.00951,3.00136,3.58907,4.34132,2.54653,3.3156,7.46953,7.69139,2.69209,0,7.99648,0,2.25746,10.0505,1.13806,0.307118,0.286233,0.734052,1.00547,1.13156,0.730382,0.74356,-0.342475,-0.131347,-0.270498,-0.752705,-0.325943,-1.00403,-0.548331,-0.266773,-0.740375,0.179955,0.864249,2.22812,1.31873,1.10956,-0.484131,-0.914558,-0.996598,-2.3769,-3.02979,-2.29153,-1.23236,-0.267698,0.964084,0.371411,-0.00174279,-0.124155,0.468612,0.719927,-0.227816,0.0375734,0.822779,1.90568,2.11428,1.41611,1.46503,0.535419,1.74951,-0.468319,-0.645007,-1.98034,-1.59488,-1.92082,-1.06399,-1.16119,-1.87669,-2.5065,-1.60978,-1.23733,-2.42368,-1.01454,-0.522909,-3.46058,-4.27368,-3.79313,-3.19497,-1.45092,-2.864,-1.5998,-0.114634,0.837513,-0.17161,-0.383496,-0.350136,2.07102,2.52198,0.111939,1.70922,0.498837,0,167460,5.28527,2122.46,0.0243235,0,-40.999,1154.62,893.246,25.8764,0,1.7902,0,0.0429486,87.8602,0,1,1,1,1,1,1,1,1,"3.30.16.00;_2020_09_03;_safe;_Stock_Synthesis_by_Richard_Methot_(NOAA)_using_ADMB_12.2",6.01666666666667,"cohortGrowthOMandEM_EM_2023",FALSE,1115,NA,NA,NA,NA,NA,NA,0,0,NA,NA,NA,NA,"6","cohortGrowthself_compNsamp"
1194730,1453500,1410480,12680200,477892,0.55,0.381056,203140,238946,0.658307,171555,446911,0.530551,0.409929,203721,203721,NA,0.165523636882432,1.13923207661934,"1976.1","1984.2","2016.9","2017.4","0.9365",NA,NA,NA,0.585,10.0473,23.1863,0.642462,0.180607,0.0429649,7.5242e-06,3.2332,15.44,-0.89252,1,0,1,0.5,0.01,0,0.11,0,16.3556,0.5,1,0,0,-4.89874,-0.000294126,0.138504,-0.999994,-1.1847,1.28222,1.46372,-0.338981,1.34119,-0.674254,-0.770578,-0.608503,0,NA,NA,NA,14,0,-1.83,-0.59,-0.311,13.8351,2.22977,0.500955,0.501629,11.7575,1.57528,1.34276,0.375601,-0.664527,-2.58557,-3.61144,1.99999,8.56169,1.56792,0.717511,-0.387304,0.108301,-0.797983,-0.20003,-2.28917,8.8765,1.16505,0,0.677671,4.30985,4.16548,5.44871,2.27051,0.519865,-1.94046,-3.20745,-1.44799,-5.06957,-3.25681,-2.05999,-1.70006,-3.6759,6.6593,3.53513,-3.41141,0.498462,0.856935,0.44607,1.08639,8.24546,-0.944611,1.95715,-0.0399187,0.955305,-0.903947,-1.06062,-1.1979,0.858087,-0.157037,0.779264,1.34149,-4.53133,-5.83533,-0.392724,3.56847,1.75045,1.94784,1.10962,-0.730437,-0.0169123,0.284356,-0.535221,-1.25118,-1.53278,-0.925204,1.22201,-1.23895,-2.47155,-1.08644,0.0753665,-2.73227,-3.00283,-7.79217,-2.9185,-0.630043,-1.42374,-1.86103,-0.385143,1.75878,-5.77139,-4.70322,-1.81135,1.97951,8.64048,-6.16313,-8.56654,-8.32383,-8.9413,-8.2921,-9.50739,-9.92494,-8.17922,-9.39066,-9.26728,-8.6902,-9.97206,-7.31676,-0.281052,-1.77421,-1.06973,-1.66191,-0.852509,-2.07277,-2.19215,-1.77507,-2.78613,-2.52563,-2.89506,-4.51921,-0.63772,-1.4277,-0.957975,0.86584,0.899423,-1.64121,-2.00676,-0.487904,-3.04821,-2.77421,-0.740938,-2.47239,-2.88667,-0.790763,-0.193949,-0.698266,2.38237,2.71375,2.01469,3.00283,3.58699,4.33902,2.54507,3.31154,7.45325,7.71428,2.68812,0,7.97442,0,2.51032,10.0204,1.18693,0.315748,0.299434,0.740386,0.982494,1.10788,0.705474,0.720257,-0.377753,-0.150854,-0.283669,-0.742202,-0.305965,-0.996145,-0.55086,-0.273003,-0.770212,0.147315,0.821518,2.16304,1.25053,1.05227,-0.497665,-0.904025,-0.977239,-2.35608,-3.02026,-2.32041,-1.27671,-0.304912,0.928864,0.33956,-0.00582045,-0.0884835,0.496975,0.68528,-0.207459,0.0139988,0.864905,1.93941,2.20236,1.46883,1.54194,0.578373,1.81287,-0.405768,-0.569929,-1.91888,-1.55309,-1.86542,-1.00202,-1.11179,-1.82348,-2.4539,-1.5449,-1.17919,-2.36594,-0.93809,-0.532421,-3.42137,-4.23545,-3.748,-3.17328,-1.37891,-2.8047,-1.53084,-0.0516791,0.884482,-0.126874,-0.338522,-0.294931,1.97529,2.4047,0.107293,1.72406,0.54766,0,98183.5,4.57912,2165.77,0.0127134,0,-41.7887,1188.48,905.861,25.817,0,1.6662,0,0.0428377,85.6753,0,1,1,1,1,1,1,1,1,"3.30.16.00;_2020_09_03;_safe;_Stock_Synthesis_by_Richard_Methot_(NOAA)_using_ADMB_12.2",6.08333333333333,"cohortGrowthOMandEM_EM_2024",FALSE,1137,NA,NA,NA,NA,NA,NA,NA,NA,0,0,NA,NA,"6","cohortGrowthself_compNsamp"
1297200,1513600,1472110,12174700,518880,0.55,0.405335,214732,259440,0.748734,184891,485211,0.530534,0.438124,215314,215314,NA,0.0502627595439551,1.11935763491698,"1976.1","1984.2","2016.9","2017.4","0.9365",NA,NA,NA,0.585,10.0367,23.1584,0.644902,0.183584,0.0426091,7.5242e-06,3.2332,15.44,-0.89252,1,0,1,0.5,0.01,0,0.11,0,16.3149,0.5,1,0,0,-4.42304,-0.000846555,0.0951052,-0.516317,-1.15619,1.09266,1.23174,0,NA,NA,NA,NA,NA,NA,NA,NA,11.0119,0,-1.83,-0.59,-0.311,13.8158,2.2229,0.49974,0.501453,9.78008,1.09957,3.36246,-0.141022,-1.05388,-1.54668,-5.01283,1.99999,8.53924,1.44887,0.28619,-0.621641,0.169065,-0.794661,-0.105274,-2.3772,1.96934,1.16638,0,0.282289,4.31402,4.25154,5.55231,3.20057,0.74761,-1.96157,-3.23896,-1.388,-5.30595,-3.26891,-2.07517,-1.7115,-3.61518,6.65996,3.47622,-4.23341,0.335979,0.607561,0.431618,1.0946,8.02074,-0.929808,1.97729,-0.0327178,1.0983,-0.894215,-1.02108,-1.17817,0.869334,-0.167417,0.77285,1.5952,-4.92715,-6.34645,-0.420249,3.5996,1.47412,1.93722,1.10558,-0.803167,0.0137907,0.217401,-0.724431,-1.29621,-1.52971,-0.898214,1.1979,-1.3014,-2.72093,-2.23501,0.0778807,-2.54753,-3.57701,-7.81685,-2.45465,-0.289835,-1.16486,-1.41724,0.285714,2.16165,-5.24025,-7.18632,-1.28872,2.22961,8.55323,-6.13644,-8.54633,-8.29223,-8.8972,-8.25488,-9.47149,-9.90383,-8.12695,-9.34656,-9.2381,-8.6524,-9.94887,-7.26587,-0.1609,-1.64398,-1.00847,-1.54009,-0.741962,-1.95996,-2.07289,-1.6666,-2.70563,-2.39914,-2.77934,-4.50002,-0.512958,-1.29448,-0.574554,1.37864,1.39982,-1.19149,-1.43099,0.0204006,-2.52244,-2.20371,-0.168123,-2.02722,-2.2887,-0.128997,0.355767,-0.198777,2.38365,2.71491,2.0134,3.00385,3.59261,4.34857,2.54156,3.31379,7.48211,7.6982,2.73392,0,7.93958,0,3.00219,10.038,1.18324,0.319191,0.313148,0.764294,1.03724,1.14192,0.720695,0.748506,-0.315882,-0.140539,-0.282604,-0.731821,-0.290127,-0.955522,-0.527214,-0.259497,-0.728562,0.182064,0.868854,2.23708,1.31969,1.10437,-0.490875,-0.900742,-0.983915,-2.34887,-2.98476,-2.27572,-1.22229,-0.215957,1.00668,0.445711,0.151017,0.00997248,0.594648,0.879694,-0.157664,0.224392,0.847683,1.94308,2.15821,1.45859,1.55069,0.597731,1.81588,-0.424909,-0.577472,-1.91627,-1.5641,-1.87936,-1.02509,-1.0898,-1.81688,-2.45281,-1.54188,-1.18411,-2.39004,-0.943289,-0.493359,-3.4125,-4.2184,-3.74594,-3.14957,-1.40401,-2.80959,-1.5565,-0.0602951,0.838438,-0.173967,-0.327592,-0.357198,1.98931,2.60536,-0.119554,1.40096,3.62509e-08,0,11819.4,2.51,1979.55,0.0114497,0,-39.3563,1040.66,868.273,24.0886,0,0,0,0.0421789,85.8336,0,1,1,1,1,1,1,1,1,"3.30.16.00;_2020_09_03;_safe;_Stock_Synthesis_by_Richard_Methot_(NOAA)_using_ADMB_12.2",6.98333333333333,"cohortGrowthOMandEM_EM_init",FALSE,1265,NA,NA,NA,NA,NA,NA,NA,NA,NA,NA,0,0,"6","cohortGrowthself_compNsamp"
