"SpawnBio","Recruit_0","retainB_1","retainN_1","retainB_2","retainN_2","retainB_3","retainN_3","deadB_1","deadN_1","deadB_2","deadN_2","deadB_3","deadN_3","F_1","F_2","F_3","SPRratio","rec_dev","raw_rec_dev","year","model_run","iteration","scenario"
NA,0,5.77992,58.1395,0,0,0,0,5.77992,58.1395,0,0,0,0,0.657749,0,0,0,-2.3192,-2.3192,1981,"constGrowth_test2_OM",1,"constGrowth"
958.886,0,0,0,57.15,577.547,0,0,0,0,57.15,577.547,0,0,0,1.09585,0,0,-2.3192,-2.3192,1981,"constGrowth_test2_OM",1,"constGrowth"
NA,354563,73.9397,656.883,0,0,0,0,73.9397,656.883,0,0,0,0,2.09188,0,0,0,-1.67708,-1.67708,1982,"constGrowth_test2_OM",1,"constGrowth"
2206.04,0,0,0,412.76,3926.68,0,0,0,0,412.76,3926.68,0,0,0,3.17783,0,0,-1.67708,-1.67708,1982,"constGrowth_test2_OM",1,"constGrowth"
NA,635998,213.189,3088.39,0,0,0,0,213.189,3088.39,0,0,0,0,0.148693,0,0,0,-1.41331,-1.41331,1983,"constGrowth_test2_OM",1,"constGrowth"
7233.05,0,0,0,159.12,1581.62,0,0,0,0,159.12,1581.62,0,0,0,0.362423,0,0,-1.41331,-1.41331,1983,"constGrowth_test2_OM",1,"constGrowth"
NA,781453,75.39,962.677,0,0,0,0,75.39,962.677,0,0,0,0,0.0143568,0,0,0,-1.27815,-1.27815,1984,"constGrowth_test2_OM",1,"constGrowth"
18123.6,0,0,0,3517.68,35271,0,0,0,0,3517.68,35271,0,0,0,3.75679,0,0,-1.27815,-1.27815,1984,"constGrowth_test2_OM",1,"constGrowth"
NA,844301,819.43,10481.3,0,0,0,0,819.43,10481.3,0,0,0,0,0.087002,0,0,0,-0.354417,-0.354417,1985,"constGrowth_test2_OM",1,"constGrowth"
28289.4,0,0,0,1019,8620.79,0,0,0,0,1019,8620.79,0,0,0,0.330379,0,0,-0.354417,-0.354417,1985,"constGrowth_test2_OM",1,"constGrowth"
NA,2102080,387.71,4830.35,0,0,0,0,387.71,4830.35,0,0,0,0,0.0322054,0,0,0,-0.635949,-0.635949,1986,"constGrowth_test2_OM",1,"constGrowth"
40948.3,0,0,0,2278.89,18312.2,0,0,0,0,2278.89,18312.2,0,0,0,0.414762,0,0,-0.635949,-0.635949,1986,"constGrowth_test2_OM",1,"constGrowth"
NA,1586280,2247.31,28523.2,0,0,0,0,2247.31,28523.2,0,0,0,0,0.135856,0,0,0,0.116677,0.116677,1987,"constGrowth_test2_OM",1,"constGrowth"
65551.6,0,0,0,3639.76,33706.8,0,0,0,0,3639.76,33706.8,0,0,0,0.333617,0,0,0.116677,0.116677,1987,"constGrowth_test2_OM",1,"constGrowth"
NA,3366990,2179.9,25329.9,0,0,0,0,2179.9,25329.9,0,0,0,0,0.113659,0,0,0,-0.841573,-0.841573,1988,"constGrowth_test2_OM",1,"constGrowth"
88395.3,0,0,0,2614.75,23196.8,0,0,0,0,2614.75,23196.8,0,0,0,0.169874,0,0,-0.841573,-0.841573,1988,"constGrowth_test2_OM",1,"constGrowth"
NA,1291460,7290.44,67188.9,0,0,0,0,7290.44,67188.9,0,0,0,0,0.350169,0,0,0,-0.0499676,-0.0499676,1989,"constGrowth_test2_OM",1,"constGrowth"
120912,0,0,0,8031.52,73142.4,0,0,0,0,8031.52,73142.4,0,0,0,0.409782,0,0,-0.0499676,-0.0499676,1989,"constGrowth_test2_OM",1,"constGrowth"
NA,2850160,6158.4,54056.2,0,0,0,0,6158.4,54056.2,0,0,0,0,0.355575,0,0,0,0.334887,0.334887,1990,"constGrowth_test2_OM",1,"constGrowth"
129807,0,0,0,14443.5,122815,0,0,0,0,14443.5,122815,0,0,0,0.982579,0,0,0.334887,0.334887,1990,"constGrowth_test2_OM",1,"constGrowth"
NA,4188030,24698,199911,0,0,0,0,24698,199911,0,0,0,0,0.892543,0,0,0,0.191877,0.191877,1991,"constGrowth_test2_OM",1,"constGrowth"
117820,0,0,0,10323.5,88911.4,0,0,0,0,10323.5,88911.4,0,0,0,0.491379,0,0,0.191877,0.191877,1991,"constGrowth_test2_OM",1,"constGrowth"
NA,3629960,43669.8,380522,0,0,3.89981,21.4776,43669.8,380522,0,0,3.89981,21.4776,3.99982,0,0.0641574,0,0.973193,0.973193,1992,"constGrowth_test2_OM",1,"constGrowth"
128041,0,0,0,30816.7,375151,0.179988,0.988552,0,0,30816.7,375151,0.179988,0.988552,0,3.99998,0.00420652,0,0.973193,0.973193,1992,"constGrowth_test2_OM",1,"constGrowth"
NA,7929070,822.801,8340.2,0,0,0,0,822.801,8340.2,0,0,0,0,0.0269714,0,0,0,1.98481,1.98481,1993,"constGrowth_test2_OM",1,"constGrowth"
168304,0,0,0,11345.8,149690,0,0,0,0,11345.8,149690,0,0,0,0.173455,0,0,1.98481,1.98481,1993,"constGrowth_test2_OM",1,"constGrowth"
NA,21805200,8838.66,91865.1,0,0,0,0,8838.66,91865.1,0,0,0,0,0.192805,0,0,0,1.34732,1.34732,1994,"constGrowth_test2_OM",1,"constGrowth"
266790,0,0,0,39748.4,570226,0,0,0,0,39748.4,570226,0,0,0,0.333705,0,0,1.34732,1.34732,1994,"constGrowth_test2_OM",1,"constGrowth"
NA,11526700,5993.25,62075.7,0,0,22.68,124.671,5993.25,62075.7,0,0,22.68,124.671,0.105934,0,0.212422,0,1.40352,1.40352,1995,"constGrowth_test2_OM",1,"constGrowth"
549110,0,0,0,26565.7,376919,0,0,0,0,26565.7,376919,0,0,0,0.0983312,0,0,1.40352,1.40352,1995,"constGrowth_test2_OM",1,"constGrowth"
NA,12193000,11917.3,117553,0,0,0,0,11917.3,117553,0,0,0,0,0.0915063,0,0,0,1.98825,1.98825,1996,"constGrowth_test2_OM",1,"constGrowth"
763343,0,0,0,19158.7,233331,43.54,238.697,0,0,19158.7,233331,43.54,238.697,0,0.0593317,0.484089,0,1.98825,1.98825,1996,"constGrowth_test2_OM",1,"constGrowth"
NA,21880500,13018.2,169581,0,0,27.22,149.914,13018.2,169581,0,0,27.22,149.914,0.0881496,0,0.207026,0,1.9976,1.9976,1997,"constGrowth_test2_OM",1,"constGrowth"
844540,0,0,0,24527.6,307631,0.819999,4.50504,0,0,24527.6,307631,0.819999,4.50504,0,0.0583901,0.00856495,0,1.9976,1.9976,1997,"constGrowth_test2_OM",1,"constGrowth"
NA,22086000,18925.2,269965,0,0,488.013,2692.64,18925.2,269965,0,0,488.013,2692.64,0.104095,0,4,0,0.511716,0.511716,1998,"constGrowth_test2_OM",1,"constGrowth"
1002940,0,0,0,63278.4,846736,74.3901,411.128,0,0,63278.4,846736,74.3901,411.128,0,0.133141,1.54766,0,0.511716,0.511716,1998,"constGrowth_test2_OM",1,"constGrowth"
NA,4998110,14996.2,206984,0,0,725.201,5401.16,14996.2,206984,0,0,725.201,5401.16,1.44063,0,0.00296788,0,0.355992,0.355992,1999,"constGrowth_test2_OM",1,"constGrowth"
1175100,0,0,0,58341.4,824370,429.589,2979.06,0,0,58341.4,824370,429.589,2979.06,0,0.391719,0.00218615,0,0.355992,0.355992,1999,"constGrowth_test2_OM",1,"constGrowth"
NA,4277360,23693.4,278714,0,0,15586.2,115856,23693.4,278714,0,0,15586.2,115856,2.91697,0,0.0535156,0,0.929427,0.929427,2000,"constGrowth_test2_OM",1,"constGrowth"
1051460,0,0,0,35179.2,481446,2336.9,16108.5,0,0,35179.2,481446,2336.9,16108.5,0,0.533773,0.0101448,0,0.929427,0.929427,2000,"constGrowth_test2_OM",1,"constGrowth"
NA,7589530,11550.5,140306,0,0,22546,158948,11550.5,140306,0,0,22546,158948,1.84333,0,0.0732578,0,-1.73617,-1.73617,2001,"constGrowth_test2_OM",1,"constGrowth"
786732,0,0,0,41118.2,758804,3136.83,20757.3,0,0,41118.2,758804,3136.83,20757.3,0,1.02751,0.0131464,0,-1.73617,-1.73617,2001,"constGrowth_test2_OM",1,"constGrowth"
NA,527913,16355.4,221789,0,0,35530.8,235068,16355.4,221789,0,0,35530.8,235068,4.00003,0,0.149148,0,2.24031,2.24031,2002,"constGrowth_test2_OM",1,"constGrowth"
584795,0,0,0,36130.7,464627,597.29,3772.61,0,0,36130.7,464627,597.29,3772.61,0,1.63203,0.00335485,0,2.24031,2.24031,2002,"constGrowth_test2_OM",1,"constGrowth"
NA,28153000,10340.6,198159,0,0,37242.3,263596,10340.6,198159,0,0,37242.3,263596,2.09091,0,0.197097,0,1.78541,1.78541,2003,"constGrowth_test2_OM",1,"constGrowth"
398038,0,0,0,21300.5,382208,2618.43,17629.8,0,0,21300.5,382208,2618.43,17629.8,0,0.398268,0.018558,0,1.78541,1.78541,2003,"constGrowth_test2_OM",1,"constGrowth"
NA,17863400,17049,320789,0,0,46730.8,372499,17049,320789,0,0,46730.8,372499,0.218602,0,0.338745,0,1.895,1.895,2004,"constGrowth_test2_OM",1,"constGrowth"
600956,0,0,0,25249.9,367237,1016.32,7925.28,0,0,25249.9,367237,1016.32,7925.28,0,0.0758082,0.00942388,0,1.895,1.895,2004,"constGrowth_test2_OM",1,"constGrowth"
NA,19932300,13803,198548,0,0,54152.6,450508,13803,198548,0,0,54152.6,450508,0.295052,0,0.515547,0,0.784705,0.784705,2005,"constGrowth_test2_OM",1,"constGrowth"
877044,0,0,0,30364.3,512823,101.7,784.886,0,0,30364.3,512823,101.7,784.886,0,0.177541,0.00126243,0,0.784705,0.784705,2005,"constGrowth_test2_OM",1,"constGrowth"
NA,6566940,20726.2,303109,0,0,41220.9,339142,20726.2,303109,0,0,41220.9,339142,0.500462,0,0.203315,0,0.954919,0.954919,2006,"constGrowth_test2_OM",1,"constGrowth"
1050490,0,0,0,39900.3,557530,0,0,0,0,39900.3,557530,0,0,0,0.279183,0,0,0.954919,0.954919,2006,"constGrowth_test2_OM",1,"constGrowth"
NA,7785500,46228,544732,0,0,48237,340918,46228,544732,0,0,48237,340918,1.05632,0,0.310075,0,0.112675,0.112675,2007,"constGrowth_test2_OM",1,"constGrowth"
936666,0,0,0,42910.1,658479,0,0,0,0,42910.1,658479,0,0,0,0.484919,0,0,0.112675,0.112675,2007,"constGrowth_test2_OM",1,"constGrowth"
NA,3353540,30249.3,382454,0,0,39800.1,268537,30249.3,382454,0,0,39800.1,268537,1.74749,0,0.21839,0,0.795098,0.795098,2008,"constGrowth_test2_OM",1,"constGrowth"
739976,0,0,0,41198.5,581687,0,0,0,0,41198.5,581687,0,0,0,0.571252,0,0,0.795098,0.795098,2008,"constGrowth_test2_OM",1,"constGrowth"
NA,6635550,14044.9,169782,0,0,44841.2,284632,14044.9,169782,0,0,44841.2,284632,0.160586,0,0.314488,0,0.739126,0.739126,2009,"constGrowth_test2_OM",1,"constGrowth"
531477,0,0,0,31146.5,532402,1369.73,8381.97,0,0,31146.5,532402,1369.73,8381.97,0,0.655808,0.0133705,0,0.739126,0.739126,2009,"constGrowth_test2_OM",1,"constGrowth"
NA,6274340,11274,158368,0,0,54085.9,334197,11274,158368,0,0,54085.9,334197,0.183964,0,0.518716,0,-2.20433,-2.20433,2010,"constGrowth_test2_OM",1,"constGrowth"
399426,0,0,0,27267.6,438297,0.0899999,0.540507,0,0,27267.6,438297,0.0899999,0.540507,0,0.407976,1.27211e-06,0,-2.20433,-2.20433,2010,"constGrowth_test2_OM",1,"constGrowth"
NA,330553,24871.4,278263,0,0,39750.5,270872,24871.4,278263,0,0,39750.5,270872,0.298787,0,0.399235,0,-3.00705,-3.00705,2011,"constGrowth_test2_OM",1,"constGrowth"
338590,0,0,0,23189.9,255495,5805.63,37775.7,0,0,23189.9,255495,5805.63,37775.7,0,2.46334,0.086286,0,-3.00705,-3.00705,2011,"constGrowth_test2_OM",1,"constGrowth"
NA,148125,1528.37,14777.2,0,0,91425.5,667504,1528.37,14777.2,0,0,91425.5,667504,0.0191668,0,1.44743,0,-2.51793,-2.51793,2012,"constGrowth_test2_OM",1,"constGrowth"
197285,0,0,0,13884.9,127038,1570.78,10932.5,0,0,13884.9,127038,1570.78,10932.5,0,2.04936,0.0432038,0,-2.51793,-2.51793,2012,"constGrowth_test2_OM",1,"constGrowth"
NA,241572,921.559,6776.06,0,0,57218.1,409623,921.559,6776.06,0,0,57218.1,409623,0.36928,0,1.5292,0,-1.4937,-1.4937,2013,"constGrowth_test2_OM",1,"constGrowth"
84040.8,0,0,0,5625.02,45781.4,908.01,6128.71,0,0,5625.02,45781.4,908.01,6128.71,0,0.371245,0.0422836,0,-1.4937,-1.4937,2013,"constGrowth_test2_OM",1,"constGrowth"
NA,672769,1830.92,13447.9,0,0,15216.8,100071,1830.92,13447.9,0,0,15216.8,100071,0.774677,0,0.706602,0,-1.0985,-1.0985,2014,"constGrowth_test2_OM",1,"constGrowth"
39881.5,0,0,0,727.71,8236.13,2193.87,13797.8,0,0,727.71,8236.13,2193.87,13797.8,0,0.125841,0.164565,0,-1.0985,-1.0985,2014,"constGrowth_test2_OM",1,"constGrowth"
NA,998840,6.13,38.0589,0,0,66.28,363.422,6.13,38.0589,0,0,66.28,363.422,0.000646047,0,0.182008,0,-1.45015,-1.45015,2015,"constGrowth_test2_OM",1,"constGrowth"
35201.2,0,0,0,185.82,1235.96,1.29,7.06327,0,0,185.82,1235.96,1.29,7.06327,0,0.0309792,0.00490817,0,-1.45015,-1.45015,2015,"constGrowth_test2_OM",1,"constGrowth"
NA,702711,283.54,1787.66,0,0,173.15,950.126,283.54,1787.66,0,0,173.15,950.126,0.0570805,0,0.692092,0,-1.16153,-1.16153,2016,"constGrowth_test2_OM",1,"constGrowth"
43924.2,0,0,0,7080.54,57342,0.0499999,0.273942,0,0,7080.54,57342,0.0499999,0.273942,0,2.03612,0.0003094,0,-1.16153,-1.16153,2016,"constGrowth_test2_OM",1,"constGrowth"
NA,937833,170.41,1275.22,0,0,1.17,6.42019,170.41,1275.22,0,0,1.17,6.42019,0.0756708,0,0.00604711,0,-2.08735,-2.08735,2017,"constGrowth_test2_OM",1,"constGrowth"
46469.2,0,0,0,6229.42,48192.3,2.21999,12.1614,0,0,6229.42,48192.3,2.21999,12.1614,0,1.00658,0.0156203,0,-2.08735,-2.08735,2017,"constGrowth_test2_OM",1,"constGrowth"
NA,408054,35.31,259.763,0,0,7.85999,43.1916,35.31,259.763,0,0,7.85999,43.1916,0.00979186,0,0.0459832,0,-0.11244,-0.11244,2018,"constGrowth_test2_OM",1,"constGrowth"
49740.9,0,0,0,11819.4,93094.2,2.50999,13.7657,0,0,11819.4,93094.2,2.50999,13.7657,0,1.85078,0.0202455,0,-0.11244,-0.11244,2018,"constGrowth_test2_OM",1,"constGrowth"
NA,4276580,130.86,931.497,0,0,7.72999,42.4774,130.86,931.497,0,0,7.72999,42.4774,0.0313336,0,0.0352078,0,0,0,2019,"constGrowth_test2_OM",1,"constGrowth"
44370.9,0,0,0,11819.4,92000,2.51,13.7656,0,0,11819.4,92000,2.51,13.7656,0,2.40922,0.0158121,0,0,0,2019,"constGrowth_test2_OM",1,"constGrowth"
NA,4785510,673.777,4747.22,0,0,26.8588,147.136,673.777,4747.22,0,0,26.8588,147.136,0.204571,0,0.111418,0,-2.04135,-2.04135,2020,"constGrowth_test2_OM",1,"constGrowth"
89393.8,0,0,0,21460.7,204868,8.04396,44.0125,0,0,21460.7,204868,8.04396,44.0125,0,4,0.0481571,0,-2.04135,-2.04135,2020,"constGrowth_test2_OM",1,"constGrowth"
NA,621416,2186.58,19652.6,0,0,51.621,282.805,2186.58,19652.6,0,0,51.621,282.805,0.821329,0,0.456974,0.590603,-0.0139079,-0.0139079,2021,"constGrowth_test2_OM",1,"constGrowth"
158865,0,0,0,31907.2,322009,13.0598,71.46,0,0,31907.2,322009,13.0598,71.46,0,4,0.183356,0.590603,-0.0139079,-0.0139079,2021,"constGrowth_test2_OM",1,"constGrowth"
NA,0,5.77991,64.9301,0,0,0,0,5.77991,64.9301,0,0,0,0,0.948716,0,0,0.39606,-3.13528,-3.13528,1981,"constGrowthSelfTest_EM_2020",1,"constGrowth"
323.736,0,0,0,57.1499,599.548,0,0,0,0,57.1499,599.548,0,0,0,0.983274,0,0.39606,-3.13528,-3.13528,1981,"constGrowthSelfTest_EM_2020",1,"constGrowth"
NA,164892,74.0803,678.881,0,0,0,0,74.0803,678.881,0,0,0,0,3.68858,0,0,0.603702,-1.88518,-1.88518,1982,"constGrowthSelfTest_EM_2020",1,"constGrowth"
1022.24,0,0,0,411.162,5013.92,0,0,0,0,411.162,5013.92,0,0,0,4.00003,0,0.603702,-1.88518,-1.88518,1982,"constGrowthSelfTest_EM_2020",1,"constGrowth"
NA,543261,213.19,3687.66,0,0,0,0,213.19,3687.66,0,0,0,0,0.110123,0,0,0.208225,-1.14836,-1.14836,1983,"constGrowthSelfTest_EM_2020",1,"constGrowth"
3570.97,0,0,0,159.12,1863.13,0,0,0,0,159.12,1863.13,0,0,0,0.323871,0,0.208225,-1.14836,-1.14836,1983,"constGrowthSelfTest_EM_2020",1,"constGrowth"
NA,1071270,75.39,1274.37,0,0,0,0,75.39,1274.37,0,0,0,0,0.0108642,0,0,0.444434,-1.33901,-1.33901,1984,"constGrowthSelfTest_EM_2020",1,"constGrowth"
12699.6,0,0,0,3495.8,39667.1,0,0,0,0,3495.8,39667.1,0,0,0,1.96324,0,0.444434,-1.33901,-1.33901,1984,"constGrowthSelfTest_EM_2020",1,"constGrowth"
NA,835592,819.43,13455.6,0,0,0,0,819.43,13455.6,0,0,0,0,0.0550563,0,0,0.120837,0.0231885,0.0231885,1985,"constGrowthSelfTest_EM_2020",1,"constGrowth"
27464.9,0,0,0,1019,10740.2,0,0,0,0,1019,10740.2,0,0,0,0.183997,0,0.120837,0.0231885,0.0231885,1985,"constGrowthSelfTest_EM_2020",1,"constGrowth"
NA,3225280,387.71,5628.51,0,0,0,0,387.71,5628.51,0,0,0,0,0.0210115,0,0,0.102349,0.198433,0.198433,1986,"constGrowthSelfTest_EM_2020",1,"constGrowth"
44627.2,0,0,0,2278.89,21097,0,0,0,0,2278.89,21097,0,0,0,0.190558,0,0.102349,0.198433,0.198433,1986,"constGrowthSelfTest_EM_2020",1,"constGrowth"
NA,3843040,2247.31,40215,0,0,0,0,2247.31,40215,0,0,0,0,0.0655702,0,0,0.109426,0.0779295,0.0779295,1987,"constGrowthSelfTest_EM_2020",1,"constGrowth"
87554.5,0,0,0,3639.76,40312.6,0,0,0,0,3639.76,40312.6,0,0,0,0.155565,0,0.109426,0.0779295,0.0779295,1987,"constGrowthSelfTest_EM_2020",1,"constGrowth"
NA,3406760,2179.91,36691.8,0,0,0,0,2179.91,36691.8,0,0,0,0,0.0447354,0,0,0.050624,-1.44253,-1.44253,1988,"constGrowthSelfTest_EM_2020",1,"constGrowth"
147795,0,0,0,2614.75,26968.6,0,0,0,0,2614.75,26968.6,0,0,0,0.0522846,0,0.050624,-1.44253,-1.44253,1988,"constGrowthSelfTest_EM_2020",1,"constGrowth"
NA,744756,7290.44,70839.5,0,0,0,0,7290.44,70839.5,0,0,0,0,0.206548,0,0,0.146434,-0.308736,-0.308736,1989,"constGrowthSelfTest_EM_2020",1,"constGrowth"
187734,0,0,0,8031.52,95435.5,0,0,0,0,8031.52,95435.5,0,0,0,0.122525,0,0.146434,-0.308736,-0.308736,1989,"constGrowthSelfTest_EM_2020",1,"constGrowth"
NA,2314270,6158.41,51356.6,0,0,0,0,6158.41,51356.6,0,0,0,0,0.157028,0,0,0.249913,0.195828,0.195828,1990,"constGrowthSelfTest_EM_2020",1,"constGrowth"
171143,0,0,0,14443.5,140081,0,0,0,0,14443.5,140081,0,0,0,0.382031,0,0.249913,0.195828,0.195828,1990,"constGrowthSelfTest_EM_2020",1,"constGrowth"
NA,3833040,24698,164652,0,0,0,0,24698,164652,0,0,0,0,1.76504,0,0,0.293379,0.249225,0.249225,1991,"constGrowthSelfTest_EM_2020",1,"constGrowth"
132033,0,0,0,10323.5,96092.9,0,0,0,0,10323.5,96092.9,0,0,0,0.257309,0,0.293379,0.249225,0.249225,1991,"constGrowthSelfTest_EM_2020",1,"constGrowth"
NA,4043280,43853.2,329711,0,0,3.89946,21.2088,43853.2,329711,0,0,3.89946,21.2088,3.99936,0,0.0159921,0.489121,0.875597,0.875597,1992,"constGrowthSelfTest_EM_2020",1,"constGrowth"
125355,0,0,0,30776.4,376354,0.18,0.972382,0,0,30776.4,376354,0.18,0.972382,0,1.26167,0.00102299,0.489121,0.875597,0.875597,1992,"constGrowthSelfTest_EM_2020",1,"constGrowth"
NA,7564210,822.8,8110.65,0,0,0,0,822.8,8110.65,0,0,0,0,0.0439993,0,0,0.111405,1.72654,1.72654,1993,"constGrowthSelfTest_EM_2020",1,"constGrowth"
169069,0,0,0,11345.8,146617,0,0,0,0,11345.8,146617,0,0,0,0.11676,0,0.111405,1.72654,1.72654,1993,"constGrowthSelfTest_EM_2020",1,"constGrowth"
NA,17714300,8838.65,86117,0,0,0,0,8838.65,86117,0,0,0,0,0.256741,0,0,0.24857,1.21341,1.21341,1994,"constGrowthSelfTest_EM_2020",1,"constGrowth"
270315,0,0,0,39748.4,555499,0,0,0,0,39748.4,555499,0,0,0,0.248954,0,0.24857,1.21341,1.21341,1994,"constGrowthSelfTest_EM_2020",1,"constGrowth"
NA,10604100,5993.28,62746.4,0,0,22.68,122.267,5993.28,62746.4,0,0,22.68,122.267,0.10377,0,0.0675436,0.122629,1.42892,1.42892,1995,"constGrowthSelfTest_EM_2020",1,"constGrowth"
495877,0,0,0,26565.7,359453,0,0,0,0,26565.7,359453,0,0,0,0.115387,0,0.122629,1.42892,1.42892,1995,"constGrowthSelfTest_EM_2020",1,"constGrowth"
NA,13154400,11917.3,116804,0,0,0,0,11917.3,116804,0,0,0,0,0.10887,0,0,0.0886935,1.84754,1.84754,1996,"constGrowthSelfTest_EM_2020",1,"constGrowth"
666747,0,0,0,19158.7,228609,43.54,234.447,0,0,19158.7,228609,43.54,234.447,0,0.0599373,0.170347,0.0886935,1.84754,1.84754,1996,"constGrowthSelfTest_EM_2020",1,"constGrowth"
NA,19992800,13018.2,178380,0,0,27.22,147.676,13018.2,178380,0,0,27.22,147.676,0.0766374,0,0.0639326,0.0927495,1.77591,1.77591,1997,"constGrowthSelfTest_EM_2020",1,"constGrowth"
778171,0,0,0,24527.6,280212,0.82,4.4256,0,0,24527.6,280212,0.82,4.4256,0,0.0622131,0.00259995,0.0927495,1.77591,1.77591,1997,"constGrowthSelfTest_EM_2020",1,"constGrowth"
NA,18610800,18925.2,266678,0,0,488.25,2662.05,18925.2,266678,0,0,488.25,2662.05,0.0843487,0,0.944874,0.160647,0.663366,0.663366,1998,"constGrowthSelfTest_EM_2020",1,"constGrowth"
945364,0,0,0,63278.4,741943,74.39,403.684,0,0,63278.4,741943,74.39,403.684,0,0.137943,0.222157,0.160647,0.663366,0.663366,1998,"constGrowthSelfTest_EM_2020",1,"constGrowth"
NA,6117760,14996.2,187550,0,0,725.2,5962.93,14996.2,187550,0,0,725.2,5962.93,1.30972,0,0.00260351,0.137194,0.624691,0.624691,1999,"constGrowthSelfTest_EM_2020",1,"constGrowth"
1069610,0,0,0,58341.4,686099,429.59,3220.47,0,0,58341.4,686099,429.59,3220.47,0,0.150028,0.00189317,0.137194,0.624691,0.624691,1999,"constGrowthSelfTest_EM_2020",1,"constGrowth"
NA,5885680,23693.4,269094,0,0,15586.2,123697,23693.4,269094,0,0,15586.2,123697,2.14242,0,0.0487429,0.163961,0.795202,0.795202,2000,"constGrowthSelfTest_EM_2020",1,"constGrowth"
956652,0,0,0,35179.2,381179,2336.9,16942.8,0,0,35179.2,381179,2336.9,16942.8,0,0.11863,0.00917163,0.163961,0.795202,0.795202,2000,"constGrowthSelfTest_EM_2020",1,"constGrowth"
NA,6979890,11550.5,153526,0,0,22546,164388,11550.5,153526,0,0,22546,164388,1.66124,0,0.0762809,0.257738,-1.27965,-1.27965,2001,"constGrowthSelfTest_EM_2020",1,"constGrowth"
759616,0,0,0,41118.4,716687,3136.84,21310.3,0,0,41118.4,716687,3136.84,21310.3,0,0.684383,0.0136024,0.257738,-1.27965,-1.27965,2001,"constGrowthSelfTest_EM_2020",1,"constGrowth"
NA,876497,16591.8,213402,0,0,35524.9,246761,16591.8,213402,0,0,35524.9,246761,3.67622,0,0.152715,0.404437,2.3214,2.3214,2002,"constGrowthSelfTest_EM_2020",1,"constGrowth"
584944,0,0,0,36130.7,455218,597.29,3913.36,0,0,36130.7,455218,597.29,3913.36,0,1.14613,0.003413,0.404437,2.3214,2.3214,2002,"constGrowthSelfTest_EM_2020",1,"constGrowth"
NA,32112100,10340.6,193858,0,0,37242.3,273671,10340.6,193858,0,0,37242.3,273671,1.00254,0,0.188771,0.375083,1.92124,1.92124,2003,"constGrowthSelfTest_EM_2020",1,"constGrowth"
419137,0,0,0,21300.5,356196,2618.43,18463.9,0,0,21300.5,356196,2618.43,18463.9,0,0.317346,0.01743,0.375083,1.92124,1.92124,2003,"constGrowthSelfTest_EM_2020",1,"constGrowth"
NA,21521900,17049,324129,0,0,46730.8,429226,17049,324129,0,0,46730.8,429226,0.164506,0,0.291886,0.250327,1.75553,1.75553,2004,"constGrowthSelfTest_EM_2020",1,"constGrowth"
692040,0,0,0,25249.9,368745,1016.32,8983.76,0,0,25249.9,368745,1016.32,8983.76,0,0.0643065,0.00763033,0.250327,1.75553,1.75553,2004,"constGrowthSelfTest_EM_2020",1,"constGrowth"
NA,18235300,13803,201205,0,0,54152.6,430463,13803,201205,0,0,54152.6,430463,0.353537,0,0.580121,0.258369,1.06006,1.06006,2005,"constGrowthSelfTest_EM_2020",1,"constGrowth"
1027810,0,0,0,30364.2,431442,101.7,759.659,0,0,30364.2,431442,101.7,759.659,0,0.061663,0.00146728,0.258369,1.06006,1.06006,2005,"constGrowthSelfTest_EM_2020",1,"constGrowth"
NA,9096530,20726.2,282002,0,0,41220.9,335691,20726.2,282002,0,0,41220.9,335691,0.608308,0,0.242187,0.20089,0.396936,0.396936,2006,"constGrowthSelfTest_EM_2020",1,"constGrowth"
1174850,0,0,0,39900.3,503466,0,0,0,0,39900.3,503466,0,0,0,0.0913525,0,0.20089,0.396936,0.396936,2006,"constGrowthSelfTest_EM_2020",1,"constGrowth"
NA,4686880,46228.1,521936,0,0,48237.1,333206,46228.1,521936,0,0,48237.1,333206,0.855676,0,0.430294,0.300447,-0.174133,-0.174133,2007,"constGrowthSelfTest_EM_2020",1,"constGrowth"
1042610,0,0,0,42910.1,600114,0,0,0,0,42910.1,600114,0,0,0,0.324703,0,0.300447,-0.174133,-0.174133,2007,"constGrowthSelfTest_EM_2020",1,"constGrowth"
NA,2647720,30249.2,325581,0,0,39800.1,259870,30249.2,325581,0,0,39800.1,259870,1.01328,0,0.260146,0.365881,0.29508,0.29508,2008,"constGrowthSelfTest_EM_2020",1,"constGrowth"
789062,0,0,0,41198.5,556039,0,0,0,0,41198.5,556039,0,0,0,0.579709,0,0.365881,0.29508,0.29508,2008,"constGrowthSelfTest_EM_2020",1,"constGrowth"
NA,4233000,14044.9,164743,0,0,44841.2,272114,14044.9,164743,0,0,44841.2,272114,0.170579,0,0.465487,0.369971,0.656371,0.656371,2009,"constGrowthSelfTest_EM_2020",1,"constGrowth"
528415,0,0,0,31146.5,436079,1369.73,8069.73,0,0,31146.5,436079,1369.73,8069.73,0,0.455624,0.0204231,0.369971,0.656371,0.656371,2009,"constGrowthSelfTest_EM_2020",1,"constGrowth"
NA,6075120,11274,157255,0,0,54085.9,321008,11274,157255,0,0,54085.9,321008,0.191411,0,0.666786,0.350808,-1.89355,-1.89355,2010,"constGrowthSelfTest_EM_2020",1,"constGrowth"
350304,0,0,0,27267.6,439216,0.09,0.521485,0,0,27267.6,439216,0.09,0.521485,0,0.338444,1.67726e-06,0.350808,-1.89355,-1.89355,2010,"constGrowthSelfTest_EM_2020",1,"constGrowth"
NA,474393,24871.4,274705,0,0,39750.5,267933,24871.4,274705,0,0,39750.5,267933,0.532869,0,0.429724,0.463796,-2.73335,-2.73335,2011,"constGrowthSelfTest_EM_2020",1,"constGrowth"
275527,0,0,0,23189.9,215164,5805.63,37563.7,0,0,23189.9,215164,5805.63,37563.7,0,0.348175,0.0967742,0.463796,-2.73335,-2.73335,2011,"constGrowthSelfTest_EM_2020",1,"constGrowth"
NA,204841,1528.37,14874.9,0,0,91425.6,693757,1528.37,14874.9,0,0,91425.6,693757,0.0380891,0,1.87365,0.51879,-2.68953,-2.68953,2012,"constGrowthSelfTest_EM_2020",1,"constGrowth"
147544,0,0,0,13884.9,125244,1570.78,11452,0,0,13884.9,125244,1570.78,11452,0,0.273787,0.0599326,0.51879,-2.68953,-2.68953,2012,"constGrowthSelfTest_EM_2020",1,"constGrowth"
NA,214018,921.56,7131.06,0,0,57218,420756,921.56,7131.06,0,0,57218,420756,0.224264,0,2.94743,0.520955,-1.99478,-1.99478,2013,"constGrowthSelfTest_EM_2020",1,"constGrowth"
53788,0,0,0,5625.03,50081.1,908.01,6349.85,0,0,5625.03,50081.1,908.01,6349.85,0,0.355463,0.0990704,0.520955,-1.99478,-1.99478,2013,"constGrowthSelfTest_EM_2020",1,"constGrowth"
NA,428719,1830.92,13390.4,0,0,15216.8,104136,1830.92,13390.4,0,0,15216.8,104136,0.486173,0,1.52205,0.405651,-1.0614,-1.0614,2014,"constGrowthSelfTest_EM_2020",1,"constGrowth"
22262.7,0,0,0,727.71,8474.12,2193.87,14311.6,0,0,727.71,8474.12,2193.87,14311.6,0,0.10912,0.443552,0.405651,-1.0614,-1.0614,2014,"constGrowthSelfTest_EM_2020",1,"constGrowth"
NA,1090270,6.13,40.7664,0,0,66.2799,355.822,6.13,40.7664,0,0,66.2799,355.822,0.00147299,0,0.552866,0.0261371,-1.36152,-1.36152,2015,"constGrowthSelfTest_EM_2020",1,"constGrowth"
21763.7,0,0,0,185.82,1498.26,1.29,6.90796,0,0,185.82,1498.26,1.29,6.90796,0,0.0327374,0.0163167,0.0261371,-1.36152,-1.36152,2015,"constGrowthSelfTest_EM_2020",1,"constGrowth"
NA,807603,283.538,2083.7,0,0,173.424,939.142,283.538,2083.7,0,0,173.424,939.142,0.106927,0,3.67598,0.342043,-0.825454,-0.825454,2016,"constGrowthSelfTest_EM_2020",1,"constGrowth"
34742.4,0,0,0,7080.53,67713.2,0.0499997,0.271498,0,0,7080.53,67713.2,0.0499997,0.271498,0,1.06939,0.00294049,0.342043,-0.825454,-0.825454,2016,"constGrowthSelfTest_EM_2020",1,"constGrowth"
NA,1380410,170.41,1453.37,0,0,1.17,6.42043,170.41,1453.37,0,0,1.17,6.42043,0.0623862,0,0.0280291,0.231366,-1.5514,-1.5514,2017,"constGrowthSelfTest_EM_2020",1,"constGrowth"
42926.1,0,0,0,6229.43,57661.2,2.21999,12.0816,0,0,6229.43,57661.2,2.21999,12.0816,0,0.577697,0.0739085,0.231366,-1.5514,-1.5514,2017,"constGrowthSelfTest_EM_2020",1,"constGrowth"
NA,733507,35.31,289.566,0,0,7.85999,42.7967,35.31,289.566,0,0,7.85999,42.7967,0.00763182,0,0.076534,0.299859,-0.299,-0.299,2018,"constGrowthSelfTest_EM_2020",1,"constGrowth"
55296.7,0,0,0,11819.4,107706,2.51,13.5823,0,0,11819.4,107706,2.51,13.5823,0,0.908229,0.0333212,0.299859,-0.299,-0.299,2018,"constGrowthSelfTest_EM_2020",1,"constGrowth"
NA,3732510,130.86,1066.66,0,0,7.73,41.7248,130.86,1066.66,0,0,7.73,41.7248,0.0252906,0,0.0446082,0.279269,-0.00266303,-0.00266303,2019,"constGrowthSelfTest_EM_2020",1,"constGrowth"
58428.7,0,0,0,11819.4,104620,2.51,13.4923,0,0,11819.4,104620,2.51,13.4923,0,0.799567,0.0197536,0.279269,-0.00266303,-0.00266303,2019,"constGrowthSelfTest_EM_2020",1,"constGrowth"
NA,5019940,673.777,5180.17,0,0,26.8588,144.095,673.777,5180.17,0,0,26.8588,144.095,0.099903,0,0.18658,0.367585,0,0,2020,"constGrowthSelfTest_EM_2020",1,"constGrowth"
97980.3,0,0,0,21460.7,213588,8.04395,43.0375,0,0,21460.7,213588,8.04395,43.0375,0,1.2557,0.080536,0.367585,0,0,2020,"constGrowthSelfTest_EM_2020",1,"constGrowth"
NA,5033330,2186.58,19340.9,0,0,51.621,277.586,2186.58,19340.9,0,0,51.621,277.586,0.319099,0,0.595954,0.55703,0,0,2021,"constGrowthSelfTest_EM_2020",1,"constGrowth"
164974,0,0,0,94863.8,994381,13.0598,69.9794,0,0,94863.8,994381,13.0598,69.9794,0,4,0.257194,0.55703,0,0,2021,"constGrowthSelfTest_EM_2020",1,"constGrowth"
NA,0,5.77998,53.5528,0,0,0,0,5.77998,53.5528,0,0,0,0,0.177728,0,0,0.32338,-3.1223,-3.1223,1981,"constGrowthSelfTest_EM_init",1,"constGrowth"
346.793,0,0,0,57.1499,576.11,0,0,0,0,57.1499,576.11,0,0,0,0.820689,0,0.32338,-3.1223,-3.1223,1981,"constGrowthSelfTest_EM_init",1,"constGrowth"
NA,170514,73.9399,662.503,0,0,0,0,73.9399,662.503,0,0,0,0,1.37784,0,0,0.599985,-1.85825,-1.85825,1982,"constGrowthSelfTest_EM_init",1,"constGrowth"
1009.72,0,0,0,417.057,5031.97,0,0,0,0,417.057,5031.97,0,0,0,3.80438,0,0.599985,-1.85825,-1.85825,1982,"constGrowthSelfTest_EM_init",1,"constGrowth"
NA,569674,213.19,3686.45,0,0,0,0,213.19,3686.45,0,0,0,0,0.118242,0,0,0.205494,-1.14645,-1.14645,1983,"constGrowthSelfTest_EM_init",1,"constGrowth"
3642.74,0,0,0,159.12,1897.94,0,0,0,0,159.12,1897.94,0,0,0,0.310111,0,0.205494,-1.14645,-1.14645,1983,"constGrowthSelfTest_EM_init",1,"constGrowth"
NA,1095590,75.39,1262.96,0,0,0,0,75.39,1262.96,0,0,0,0,0.0112128,0,0,0.432122,-1.34879,-1.34879,1984,"constGrowthSelfTest_EM_init",1,"constGrowth"
13218,0,0,0,3495.8,40151.1,0,0,0,0,3495.8,40151.1,0,0,0,1.78687,0,0.432122,-1.34879,-1.34879,1984,"constGrowthSelfTest_EM_init",1,"constGrowth"
NA,844633,819.43,13445.9,0,0,0,0,819.43,13445.9,0,0,0,0,0.0537709,0,0,0.114041,0.0678402,0.0678402,1985,"constGrowthSelfTest_EM_init",1,"constGrowth"
28472.6,0,0,0,1019,10801.2,0,0,0,0,1019,10801.2,0,0,0,0.169722,0,0.114041,0.0678402,0.0678402,1985,"constGrowthSelfTest_EM_init",1,"constGrowth"
NA,3442570,387.71,5635.33,0,0,0,0,387.71,5635.33,0,0,0,0,0.0209268,0,0,0.0987034,0.302124,0.302124,1986,"constGrowthSelfTest_EM_init",1,"constGrowth"
45986.8,0,0,0,2278.89,21166.7,0,0,0,0,2278.89,21166.7,0,0,0,0.181697,0,0.0987034,0.302124,0.302124,1986,"constGrowthSelfTest_EM_init",1,"constGrowth"
NA,4351420,2247.31,40188.1,0,0,0,0,2247.31,40188.1,0,0,0,0,0.0613322,0,0,0.105649,0.223204,0.223204,1987,"constGrowthSelfTest_EM_init",1,"constGrowth"
92245.4,0,0,0,3639.76,40272.3,0,0,0,0,3639.76,40272.3,0,0,0,0.152522,0,0.105649,0.223204,0.223204,1987,"constGrowthSelfTest_EM_init",1,"constGrowth"
NA,4021210,2179.91,36627.9,0,0,0,0,2179.91,36627.9,0,0,0,0,0.0393133,0,0,0.0462031,-1.30296,-1.30296,1988,"constGrowthSelfTest_EM_init",1,"constGrowth"
161120,0,0,0,2614.75,27038.4,0,0,0,0,2614.75,27038.4,0,0,0,0.0489183,0,0.0462031,-1.30296,-1.30296,1988,"constGrowthSelfTest_EM_init",1,"constGrowth"
NA,874078,7290.44,71541.1,0,0,0,0,7290.44,71541.1,0,0,0,0,0.193721,0,0,0.132341,-0.316872,-0.316872,1989,"constGrowthSelfTest_EM_init",1,"constGrowth"
211528,0,0,0,8031.52,95888.4,0,0,0,0,8031.52,95888.4,0,0,0,0.10453,0,0.132341,-0.316872,-0.316872,1989,"constGrowthSelfTest_EM_init",1,"constGrowth"
NA,2343180,6158.41,51297.1,0,0,0,0,6158.41,51297.1,0,0,0,0,0.13647,0,0,0.217287,0.179948,0.179948,1990,"constGrowthSelfTest_EM_init",1,"constGrowth"
196761,0,0,0,14443.5,139805,0,0,0,0,14443.5,139805,0,0,0,0.315442,0,0.217287,0.179948,0.179948,1990,"constGrowthSelfTest_EM_init",1,"constGrowth"
NA,3850980,24698,172219,0,0,0,0,24698,172219,0,0,0,0,0.820633,0,0,0.300467,0.213065,0.213065,1991,"constGrowthSelfTest_EM_init",1,"constGrowth"
152261,0,0,0,10323.5,97363.1,0,0,0,0,10323.5,97363.1,0,0,0,0.20367,0,0.300467,0.213065,0.213065,1991,"constGrowthSelfTest_EM_init",1,"constGrowth"
NA,3980650,43433.3,336238,0,0,3.9,21.2361,43433.3,336238,0,0,3.9,21.2361,1.41352,0,0.0146958,0.481769,0.863577,0.863577,1992,"constGrowthSelfTest_EM_init",1,"constGrowth"
138975,0,0,0,30776.4,365875,0.18,0.972996,0,0,30776.4,365875,0.18,0.972996,0,0.909751,0.000934165,0.481769,0.863577,0.863577,1992,"constGrowthSelfTest_EM_init",1,"constGrowth"
NA,7629000,822.8,8128.22,0,0,0,0,822.8,8128.22,0,0,0,0,0.0443585,0,0,0.10839,1.69816,1.69816,1993,"constGrowthSelfTest_EM_init",1,"constGrowth"
176682,0,0,0,11345.8,145872,0,0,0,0,11345.8,145872,0,0,0,0.110548,0,0.10839,1.69816,1.69816,1993,"constGrowthSelfTest_EM_init",1,"constGrowth"
NA,17576100,8838.65,86179.5,0,0,0,0,8838.65,86179.5,0,0,0,0,0.253662,0,0,0.245192,1.1833,1.1833,1994,"constGrowthSelfTest_EM_init",1,"constGrowth"
275340,0,0,0,39748.4,556701,0,0,0,0,39748.4,556701,0,0,0,0.238726,0,0.245192,1.1833,1.1833,1994,"constGrowthSelfTest_EM_init",1,"constGrowth"
NA,10503200,5993.28,62826.3,0,0,22.68,122.504,5993.28,62826.3,0,0,22.68,122.504,0.102189,0,0.0384095,0.121906,1.40421,1.40421,1995,"constGrowthSelfTest_EM_init",1,"constGrowth"
497556,0,0,0,26565.7,358955,0,0,0,0,26565.7,358955,0,0,0,0.115332,0,0.121906,1.40421,1.40421,1995,"constGrowthSelfTest_EM_init",1,"constGrowth"
NA,13099800,11917.3,116860,0,0,0,0,11917.3,116860,0,0,0,0,0.107109,0,0,0.0879413,1.82826,1.82826,1996,"constGrowthSelfTest_EM_init",1,"constGrowth"
664770,0,0,0,19158.7,228848,43.54,233.997,0,0,19158.7,228848,43.54,233.997,0,0.0602479,0.0848124,0.0879413,1.82826,1.82826,1996,"constGrowthSelfTest_EM_init",1,"constGrowth"
NA,20018100,13018.2,178862,0,0,27.22,146.922,13018.2,178862,0,0,27.22,146.922,0.0752254,0,0.0364458,0.092172,1.76468,1.76468,1997,"constGrowthSelfTest_EM_init",1,"constGrowth"
774755,0,0,0,24527.6,279889,0.82,4.40771,0,0,24527.6,279889,0.82,4.40771,0,0.0628571,0.00147721,0.092172,1.76468,1.76468,1997,"constGrowthSelfTest_EM_init",1,"constGrowth"
NA,18785100,18925.2,265980,0,0,488.25,2647.14,18925.2,265980,0,0,488.25,2647.14,0.0813591,0,0.673535,0.158124,0.621152,0.621152,1998,"constGrowthSelfTest_EM_init",1,"constGrowth"
942896,0,0,0,63278.4,742328,74.39,401.675,0,0,63278.4,742328,74.39,401.675,0,0.139126,0.156183,0.158124,0.621152,0.621152,1998,"constGrowthSelfTest_EM_init",1,"constGrowth"
NA,5986650,14996.2,188848,0,0,725.2,5965.94,14996.2,188848,0,0,725.2,5965.94,1.31805,0,0.00262798,0.137621,0.593869,0.593869,1999,"constGrowthSelfTest_EM_init",1,"constGrowth"
1070500,0,0,0,58341.4,686105,429.59,3221.84,0,0,58341.4,686105,429.59,3221.84,0,0.151438,0.00191106,0.137621,0.593869,0.593869,1999,"constGrowthSelfTest_EM_init",1,"constGrowth"
NA,5825520,23693.4,268721,0,0,15586.2,123766,23693.4,268721,0,0,15586.2,123766,2.11845,0,0.0490416,0.16364,0.784048,0.784048,2000,"constGrowthSelfTest_EM_init",1,"constGrowth"
957123,0,0,0,35179.2,380632,2336.9,16946.8,0,0,35179.2,380632,2336.9,16946.8,0,0.119412,0.0092308,0.16364,0.784048,0.784048,2000,"constGrowthSelfTest_EM_init",1,"constGrowth"
NA,7045770,11550.5,153802,0,0,22546,164445,11550.5,153802,0,0,22546,164445,1.64436,0,0.0764315,0.25748,-1.31397,-1.31397,2001,"constGrowthSelfTest_EM_init",1,"constGrowth"
758317,0,0,0,41118.4,717510,3136.84,21310.6,0,0,41118.4,717510,3136.84,21310.6,0,0.679353,0.0136346,0.25748,-1.31397,-1.31397,2001,"constGrowthSelfTest_EM_init",1,"constGrowth"
NA,864512,16565,212775,0,0,35525.6,246669,16565,212775,0,0,35525.6,246669,3.57641,0,0.153167,0.40394,2.30199,2.30199,2002,"constGrowthSelfTest_EM_init",1,"constGrowth"
584127,0,0,0,36130.7,454873,597.29,3911.37,0,0,36130.7,454873,597.29,3911.37,0,1.14187,0.00342506,0.40394,2.30199,2.30199,2002,"constGrowthSelfTest_EM_init",1,"constGrowth"
NA,32148500,10340.6,194516,0,0,37242.3,273637,10340.6,194516,0,0,37242.3,273637,0.983231,0,0.189616,0.378002,1.90336,1.90336,2003,"constGrowthSelfTest_EM_init",1,"constGrowth"
419318,0,0,0,21300.5,356435,2618.43,18472.9,0,0,21300.5,356435,2618.43,18472.9,0,0.320806,0.0175115,0.378002,1.90336,1.90336,2003,"constGrowthSelfTest_EM_init",1,"constGrowth"
NA,21579300,17049,323442,0,0,46730.8,429184,17049,323442,0,0,46730.8,429184,0.156874,0,0.292463,0.249671,1.73664,1.73664,2004,"constGrowthSelfTest_EM_init",1,"constGrowth"
693436,0,0,0,25249.9,368382,1016.32,8984.69,0,0,25249.9,368382,1016.32,8984.69,0,0.0642153,0.00764805,0.249671,1.73664,1.73664,2004,"constGrowthSelfTest_EM_init",1,"constGrowth"
NA,18265600,13803,199507,0,0,54152.6,430527,13803,199507,0,0,54152.6,430527,0.341937,0,0.582694,0.258286,1.02882,1.02882,2005,"constGrowthSelfTest_EM_init",1,"constGrowth"
1030020,0,0,0,30364.2,431806,101.7,760.105,0,0,30364.2,431806,101.7,760.105,0,0.0616271,0.00147483,0.258286,1.02882,1.02882,2005,"constGrowthSelfTest_EM_init",1,"constGrowth"
NA,8999780,20726.2,282780,0,0,41220.9,335924,20726.2,282780,0,0,41220.9,335924,0.602176,0,0.244726,0.202931,0.382186,0.382186,2006,"constGrowthSelfTest_EM_init",1,"constGrowth"
1177410,0,0,0,39900.3,502831,0,0,0,0,39900.3,502831,0,0,0,0.0913206,0,0.202931,0.382186,0.382186,2006,"constGrowthSelfTest_EM_init",1,"constGrowth"
NA,4714140,46228.1,520973,0,0,48237.1,333483,46228.1,520973,0,0,48237.1,333483,0.825476,0,0.435473,0.300168,-0.178687,-0.178687,2007,"constGrowthSelfTest_EM_init",1,"constGrowth"
1043240,0,0,0,42910.1,598839,0,0,0,0,42910.1,598839,0,0,0,0.320046,0,0.300168,-0.178687,-0.178687,2007,"constGrowthSelfTest_EM_init",1,"constGrowth"
NA,2690410,30249.2,327122,0,0,39800.1,259930,30249.2,327122,0,0,39800.1,259930,1.0005,0,0.262146,0.36625,0.271585,0.271585,2008,"constGrowthSelfTest_EM_init",1,"constGrowth"
788907,0,0,0,41198.5,557190,0,0,0,0,41198.5,557190,0,0,0,0.569159,0,0.36625,0.271585,0.271585,2008,"constGrowthSelfTest_EM_init",1,"constGrowth"
NA,4220550,14044.9,164997,0,0,44841.2,272185,14044.9,164997,0,0,44841.2,272185,0.16857,0,0.466715,0.368,0.631291,0.631291,2009,"constGrowthSelfTest_EM_init",1,"constGrowth"
528899,0,0,0,31146.5,436108,1369.73,8067.81,0,0,31146.5,436108,1369.73,8067.81,0,0.44908,0.0204722,0.368,0.631291,0.631291,2009,"constGrowthSelfTest_EM_init",1,"constGrowth"
NA,6047650,11274,156620,0,0,54085.9,320973,11274,156620,0,0,54085.9,320973,0.188169,0,0.668199,0.349863,-1.927,-1.927,2010,"constGrowthSelfTest_EM_init",1,"constGrowth"
350946,0,0,0,27267.6,439545,0.09,0.521282,0,0,27267.6,439545,0.09,0.521282,0,0.337129,1.68086e-06,0.349863,-1.927,-1.927,2010,"constGrowthSelfTest_EM_init",1,"constGrowth"
NA,468312,24871.4,272928,0,0,39750.5,268274,24871.4,272928,0,0,39750.5,268274,0.498024,0,0.429269,0.462195,-2.75878,-2.75878,2011,"constGrowthSelfTest_EM_init",1,"constGrowth"
275565,0,0,0,23189.9,215530,5805.63,37598.7,0,0,23189.9,215530,5805.63,37598.7,0,0.35341,0.0966729,0.462195,-2.75878,-2.75878,2011,"constGrowthSelfTest_EM_init",1,"constGrowth"
NA,203844,1528.37,14895.1,0,0,91425.6,693618,1528.37,14895.1,0,0,91425.6,693618,0.0369151,0,1.8727,0.519276,-2.704,-2.704,2012,"constGrowthSelfTest_EM_init",1,"constGrowth"
147106,0,0,0,13884.9,125195,1570.78,11448.5,0,0,13884.9,125195,1570.78,11448.5,0,0.278616,0.0599265,0.519276,-2.704,-2.704,2012,"constGrowthSelfTest_EM_init",1,"constGrowth"
NA,215323,921.56,7172.68,0,0,57218,421024,921.56,7172.68,0,0,57218,421024,0.22859,0,2.93621,0.522373,-2.00546,-2.00546,2013,"constGrowthSelfTest_EM_init",1,"constGrowth"
53315.2,0,0,0,5625.03,50036.4,908.01,6349.72,0,0,5625.03,50036.4,908.01,6349.72,0,0.360005,0.098863,0.522373,-2.00546,-2.00546,2013,"constGrowthSelfTest_EM_init",1,"constGrowth"
NA,432972,1830.92,13435.6,0,0,15216.8,104186,1830.92,13435.6,0,0,15216.8,104186,0.451975,0,1.54029,0.407615,-1.08467,-1.08467,2014,"constGrowthSelfTest_EM_init",1,"constGrowth"
21939.5,0,0,0,727.71,8494.07,2193.87,14317.4,0,0,727.71,8494.07,2193.87,14317.4,0,0.110847,0.452094,0.407615,-1.08467,-1.08467,2014,"constGrowthSelfTest_EM_init",1,"constGrowth"
NA,1087320,6.13,44.4133,0,0,66.2799,355.736,6.13,44.4133,0,0,66.2799,355.736,0.00132016,0,0.557588,0.026778,-1.3622,-1.3622,2015,"constGrowthSelfTest_EM_init",1,"constGrowth"
21645.7,0,0,0,185.82,1531.17,1.29,6.90608,0,0,185.82,1531.17,1.29,6.90608,0,0.0335709,0.0164609,0.026778,-1.3622,-1.3622,2015,"constGrowthSelfTest_EM_init",1,"constGrowth"
NA,823808,283.538,2227.54,0,0,173.415,938.893,283.538,2227.54,0,0,173.415,938.893,0.0623124,0,3.67476,0.343505,-0.831145,-0.831145,2016,"constGrowthSelfTest_EM_init",1,"constGrowth"
34716.1,0,0,0,7080.53,68841.3,0.0499997,0.271431,0,0,7080.53,68841.3,0.0499997,0.271431,0,1.04996,0.00290545,0.343505,-0.831145,-0.831145,2016,"constGrowthSelfTest_EM_init",1,"constGrowth"
NA,1401070,170.41,1515.44,0,0,1.17,6.41749,170.41,1515.44,0,0,1.17,6.41749,0.0302319,0,0.0275206,0.229748,-1.56278,-1.56278,2017,"constGrowthSelfTest_EM_init",1,"constGrowth"
43131.8,0,0,0,6229.43,58157.4,2.21999,12.0776,0,0,6229.43,58157.4,2.21999,12.0776,0,0.570236,0.0722826,0.229748,-1.56278,-1.56278,2017,"constGrowthSelfTest_EM_init",1,"constGrowth"
NA,740265,35.31,295.564,0,0,7.85999,42.7883,35.31,295.564,0,0,7.85999,42.7883,0.00335708,0,0.0760093,0.297015,-0.139555,-0.139555,2018,"constGrowthSelfTest_EM_init",1,"constGrowth"
55886.6,0,0,0,11819.4,108911,2.51,13.5751,0,0,11819.4,108911,2.51,13.5751,0,0.883495,0.0331033,0.297015,-0.139555,-0.139555,2018,"constGrowthSelfTest_EM_init",1,"constGrowth"
NA,4468600,130.86,1106.31,0,0,7.73,41.711,130.86,1106.31,0,0,7.73,41.711,0.0121144,0,0.0443167,0.27646,0,0,2019,"constGrowthSelfTest_EM_init",1,"constGrowth"
59857.3,0,0,0,11819.4,105147,2.51,13.4877,0,0,11819.4,105147,2.51,13.4877,0,0.779218,0.01962,0.27646,0,0,2019,"constGrowthSelfTest_EM_init",1,"constGrowth"
NA,5137820,673.778,5432.89,0,0,26.8589,144.083,673.778,5432.89,0,0,26.8589,144.083,0.049728,0,0.181914,0.528348,0,0,2020,"constGrowthSelfTest_EM_init",1,"constGrowth"
109704,0,0,0,49132.3,528526,8.04396,43.0223,0,0,49132.3,528526,8.04396,43.0223,0,3.19858,0.0805375,0.528348,0,0,2020,"constGrowthSelfTest_EM_init",1,"constGrowth"
NA,0,5.77992,58.1395,0,0,0,0,5.77992,58.1395,0,0,0,0,0.657749,0,0,0,-2.3192,-2.3192,1981,"constGrowth_test2_OM",2,"constGrowth"
958.886,0,0,0,57.15,577.547,0,0,0,0,57.15,577.547,0,0,0,1.09585,0,0,-2.3192,-2.3192,1981,"constGrowth_test2_OM",2,"constGrowth"
NA,354563,73.9397,656.883,0,0,0,0,73.9397,656.883,0,0,0,0,2.09188,0,0,0,-1.67708,-1.67708,1982,"constGrowth_test2_OM",2,"constGrowth"
2206.04,0,0,0,412.76,3926.68,0,0,0,0,412.76,3926.68,0,0,0,3.17783,0,0,-1.67708,-1.67708,1982,"constGrowth_test2_OM",2,"constGrowth"
NA,635998,213.189,3088.39,0,0,0,0,213.189,3088.39,0,0,0,0,0.148693,0,0,0,-1.41331,-1.41331,1983,"constGrowth_test2_OM",2,"constGrowth"
7233.05,0,0,0,159.12,1581.62,0,0,0,0,159.12,1581.62,0,0,0,0.362423,0,0,-1.41331,-1.41331,1983,"constGrowth_test2_OM",2,"constGrowth"
NA,781453,75.39,962.677,0,0,0,0,75.39,962.677,0,0,0,0,0.0143568,0,0,0,-1.27815,-1.27815,1984,"constGrowth_test2_OM",2,"constGrowth"
18123.6,0,0,0,3517.68,35271,0,0,0,0,3517.68,35271,0,0,0,3.75679,0,0,-1.27815,-1.27815,1984,"constGrowth_test2_OM",2,"constGrowth"
NA,844301,819.43,10481.3,0,0,0,0,819.43,10481.3,0,0,0,0,0.087002,0,0,0,-0.354417,-0.354417,1985,"constGrowth_test2_OM",2,"constGrowth"
28289.4,0,0,0,1019,8620.79,0,0,0,0,1019,8620.79,0,0,0,0.330379,0,0,-0.354417,-0.354417,1985,"constGrowth_test2_OM",2,"constGrowth"
NA,2102080,387.71,4830.35,0,0,0,0,387.71,4830.35,0,0,0,0,0.0322054,0,0,0,-0.635949,-0.635949,1986,"constGrowth_test2_OM",2,"constGrowth"
40948.3,0,0,0,2278.89,18312.2,0,0,0,0,2278.89,18312.2,0,0,0,0.414762,0,0,-0.635949,-0.635949,1986,"constGrowth_test2_OM",2,"constGrowth"
NA,1586280,2247.31,28523.2,0,0,0,0,2247.31,28523.2,0,0,0,0,0.135856,0,0,0,0.116677,0.116677,1987,"constGrowth_test2_OM",2,"constGrowth"
65551.6,0,0,0,3639.76,33706.8,0,0,0,0,3639.76,33706.8,0,0,0,0.333617,0,0,0.116677,0.116677,1987,"constGrowth_test2_OM",2,"constGrowth"
NA,3366990,2179.9,25329.9,0,0,0,0,2179.9,25329.9,0,0,0,0,0.113659,0,0,0,-0.841573,-0.841573,1988,"constGrowth_test2_OM",2,"constGrowth"
88395.3,0,0,0,2614.75,23196.8,0,0,0,0,2614.75,23196.8,0,0,0,0.169874,0,0,-0.841573,-0.841573,1988,"constGrowth_test2_OM",2,"constGrowth"
NA,1291460,7290.44,67188.9,0,0,0,0,7290.44,67188.9,0,0,0,0,0.350169,0,0,0,-0.0499676,-0.0499676,1989,"constGrowth_test2_OM",2,"constGrowth"
120912,0,0,0,8031.52,73142.4,0,0,0,0,8031.52,73142.4,0,0,0,0.409782,0,0,-0.0499676,-0.0499676,1989,"constGrowth_test2_OM",2,"constGrowth"
NA,2850160,6158.4,54056.2,0,0,0,0,6158.4,54056.2,0,0,0,0,0.355575,0,0,0,0.334887,0.334887,1990,"constGrowth_test2_OM",2,"constGrowth"
129807,0,0,0,14443.5,122815,0,0,0,0,14443.5,122815,0,0,0,0.982579,0,0,0.334887,0.334887,1990,"constGrowth_test2_OM",2,"constGrowth"
NA,4188030,24698,199911,0,0,0,0,24698,199911,0,0,0,0,0.892543,0,0,0,0.191877,0.191877,1991,"constGrowth_test2_OM",2,"constGrowth"
117820,0,0,0,10323.5,88911.4,0,0,0,0,10323.5,88911.4,0,0,0,0.491379,0,0,0.191877,0.191877,1991,"constGrowth_test2_OM",2,"constGrowth"
NA,3629960,43669.8,380522,0,0,3.89981,21.4776,43669.8,380522,0,0,3.89981,21.4776,3.99982,0,0.0641574,0,0.973193,0.973193,1992,"constGrowth_test2_OM",2,"constGrowth"
128041,0,0,0,30816.7,375151,0.179988,0.988552,0,0,30816.7,375151,0.179988,0.988552,0,3.99998,0.00420652,0,0.973193,0.973193,1992,"constGrowth_test2_OM",2,"constGrowth"
NA,7929070,822.801,8340.2,0,0,0,0,822.801,8340.2,0,0,0,0,0.0269714,0,0,0,1.98481,1.98481,1993,"constGrowth_test2_OM",2,"constGrowth"
168304,0,0,0,11345.8,149690,0,0,0,0,11345.8,149690,0,0,0,0.173455,0,0,1.98481,1.98481,1993,"constGrowth_test2_OM",2,"constGrowth"
NA,21805200,8838.66,91865.1,0,0,0,0,8838.66,91865.1,0,0,0,0,0.192805,0,0,0,1.34732,1.34732,1994,"constGrowth_test2_OM",2,"constGrowth"
266790,0,0,0,39748.4,570226,0,0,0,0,39748.4,570226,0,0,0,0.333705,0,0,1.34732,1.34732,1994,"constGrowth_test2_OM",2,"constGrowth"
NA,11526700,5993.25,62075.7,0,0,22.68,124.671,5993.25,62075.7,0,0,22.68,124.671,0.105934,0,0.212422,0,1.40352,1.40352,1995,"constGrowth_test2_OM",2,"constGrowth"
549110,0,0,0,26565.7,376919,0,0,0,0,26565.7,376919,0,0,0,0.0983312,0,0,1.40352,1.40352,1995,"constGrowth_test2_OM",2,"constGrowth"
NA,12193000,11917.3,117553,0,0,0,0,11917.3,117553,0,0,0,0,0.0915063,0,0,0,1.98825,1.98825,1996,"constGrowth_test2_OM",2,"constGrowth"
763343,0,0,0,19158.7,233331,43.54,238.697,0,0,19158.7,233331,43.54,238.697,0,0.0593317,0.484089,0,1.98825,1.98825,1996,"constGrowth_test2_OM",2,"constGrowth"
NA,21880500,13018.2,169581,0,0,27.22,149.914,13018.2,169581,0,0,27.22,149.914,0.0881496,0,0.207026,0,1.9976,1.9976,1997,"constGrowth_test2_OM",2,"constGrowth"
844540,0,0,0,24527.6,307631,0.819999,4.50504,0,0,24527.6,307631,0.819999,4.50504,0,0.0583901,0.00856495,0,1.9976,1.9976,1997,"constGrowth_test2_OM",2,"constGrowth"
NA,22086000,18925.2,269965,0,0,488.013,2692.64,18925.2,269965,0,0,488.013,2692.64,0.104095,0,4,0,0.511716,0.511716,1998,"constGrowth_test2_OM",2,"constGrowth"
1002940,0,0,0,63278.4,846736,74.3901,411.128,0,0,63278.4,846736,74.3901,411.128,0,0.133141,1.54766,0,0.511716,0.511716,1998,"constGrowth_test2_OM",2,"constGrowth"
NA,4998110,14996.2,206984,0,0,725.201,5401.16,14996.2,206984,0,0,725.201,5401.16,1.44063,0,0.00296788,0,0.355992,0.355992,1999,"constGrowth_test2_OM",2,"constGrowth"
1175100,0,0,0,58341.4,824370,429.589,2979.06,0,0,58341.4,824370,429.589,2979.06,0,0.391719,0.00218615,0,0.355992,0.355992,1999,"constGrowth_test2_OM",2,"constGrowth"
NA,4277360,23693.4,278714,0,0,15586.2,115856,23693.4,278714,0,0,15586.2,115856,2.91697,0,0.0535156,0,0.929427,0.929427,2000,"constGrowth_test2_OM",2,"constGrowth"
1051460,0,0,0,35179.2,481446,2336.9,16108.5,0,0,35179.2,481446,2336.9,16108.5,0,0.533773,0.0101448,0,0.929427,0.929427,2000,"constGrowth_test2_OM",2,"constGrowth"
NA,7589530,11550.5,140306,0,0,22546,158948,11550.5,140306,0,0,22546,158948,1.84333,0,0.0732578,0,-1.73617,-1.73617,2001,"constGrowth_test2_OM",2,"constGrowth"
786732,0,0,0,41118.2,758804,3136.83,20757.3,0,0,41118.2,758804,3136.83,20757.3,0,1.02751,0.0131464,0,-1.73617,-1.73617,2001,"constGrowth_test2_OM",2,"constGrowth"
NA,527913,16355.4,221789,0,0,35530.8,235068,16355.4,221789,0,0,35530.8,235068,4.00003,0,0.149148,0,2.24031,2.24031,2002,"constGrowth_test2_OM",2,"constGrowth"
584795,0,0,0,36130.7,464627,597.29,3772.61,0,0,36130.7,464627,597.29,3772.61,0,1.63203,0.00335485,0,2.24031,2.24031,2002,"constGrowth_test2_OM",2,"constGrowth"
NA,28153000,10340.6,198159,0,0,37242.3,263596,10340.6,198159,0,0,37242.3,263596,2.09091,0,0.197097,0,1.78541,1.78541,2003,"constGrowth_test2_OM",2,"constGrowth"
398038,0,0,0,21300.5,382208,2618.43,17629.8,0,0,21300.5,382208,2618.43,17629.8,0,0.398268,0.018558,0,1.78541,1.78541,2003,"constGrowth_test2_OM",2,"constGrowth"
NA,17863400,17049,320789,0,0,46730.8,372499,17049,320789,0,0,46730.8,372499,0.218602,0,0.338745,0,1.895,1.895,2004,"constGrowth_test2_OM",2,"constGrowth"
600956,0,0,0,25249.9,367237,1016.32,7925.28,0,0,25249.9,367237,1016.32,7925.28,0,0.0758082,0.00942388,0,1.895,1.895,2004,"constGrowth_test2_OM",2,"constGrowth"
NA,19932300,13803,198548,0,0,54152.6,450508,13803,198548,0,0,54152.6,450508,0.295052,0,0.515547,0,0.784705,0.784705,2005,"constGrowth_test2_OM",2,"constGrowth"
877044,0,0,0,30364.3,512823,101.7,784.886,0,0,30364.3,512823,101.7,784.886,0,0.177541,0.00126243,0,0.784705,0.784705,2005,"constGrowth_test2_OM",2,"constGrowth"
NA,6566940,20726.2,303109,0,0,41220.9,339142,20726.2,303109,0,0,41220.9,339142,0.500462,0,0.203315,0,0.954919,0.954919,2006,"constGrowth_test2_OM",2,"constGrowth"
1050490,0,0,0,39900.3,557530,0,0,0,0,39900.3,557530,0,0,0,0.279183,0,0,0.954919,0.954919,2006,"constGrowth_test2_OM",2,"constGrowth"
NA,7785500,46228,544732,0,0,48237,340918,46228,544732,0,0,48237,340918,1.05632,0,0.310075,0,0.112675,0.112675,2007,"constGrowth_test2_OM",2,"constGrowth"
936666,0,0,0,42910.1,658479,0,0,0,0,42910.1,658479,0,0,0,0.484919,0,0,0.112675,0.112675,2007,"constGrowth_test2_OM",2,"constGrowth"
NA,3353540,30249.3,382454,0,0,39800.1,268537,30249.3,382454,0,0,39800.1,268537,1.74749,0,0.21839,0,0.795098,0.795098,2008,"constGrowth_test2_OM",2,"constGrowth"
739976,0,0,0,41198.5,581687,0,0,0,0,41198.5,581687,0,0,0,0.571252,0,0,0.795098,0.795098,2008,"constGrowth_test2_OM",2,"constGrowth"
NA,6635550,14044.9,169782,0,0,44841.2,284632,14044.9,169782,0,0,44841.2,284632,0.160586,0,0.314488,0,0.739126,0.739126,2009,"constGrowth_test2_OM",2,"constGrowth"
531477,0,0,0,31146.5,532402,1369.73,8381.97,0,0,31146.5,532402,1369.73,8381.97,0,0.655808,0.0133705,0,0.739126,0.739126,2009,"constGrowth_test2_OM",2,"constGrowth"
NA,6274340,11274,158368,0,0,54085.9,334197,11274,158368,0,0,54085.9,334197,0.183964,0,0.518716,0,-2.20433,-2.20433,2010,"constGrowth_test2_OM",2,"constGrowth"
399426,0,0,0,27267.6,438297,0.0899999,0.540507,0,0,27267.6,438297,0.0899999,0.540507,0,0.407976,1.27211e-06,0,-2.20433,-2.20433,2010,"constGrowth_test2_OM",2,"constGrowth"
NA,330553,24871.4,278263,0,0,39750.5,270872,24871.4,278263,0,0,39750.5,270872,0.298787,0,0.399235,0,-3.00705,-3.00705,2011,"constGrowth_test2_OM",2,"constGrowth"
338590,0,0,0,23189.9,255495,5805.63,37775.7,0,0,23189.9,255495,5805.63,37775.7,0,2.46334,0.086286,0,-3.00705,-3.00705,2011,"constGrowth_test2_OM",2,"constGrowth"
NA,148125,1528.37,14777.2,0,0,91425.5,667504,1528.37,14777.2,0,0,91425.5,667504,0.0191668,0,1.44743,0,-2.51793,-2.51793,2012,"constGrowth_test2_OM",2,"constGrowth"
197285,0,0,0,13884.9,127038,1570.78,10932.5,0,0,13884.9,127038,1570.78,10932.5,0,2.04936,0.0432038,0,-2.51793,-2.51793,2012,"constGrowth_test2_OM",2,"constGrowth"
NA,241572,921.559,6776.06,0,0,57218.1,409623,921.559,6776.06,0,0,57218.1,409623,0.36928,0,1.5292,0,-1.4937,-1.4937,2013,"constGrowth_test2_OM",2,"constGrowth"
84040.8,0,0,0,5625.02,45781.4,908.01,6128.71,0,0,5625.02,45781.4,908.01,6128.71,0,0.371245,0.0422836,0,-1.4937,-1.4937,2013,"constGrowth_test2_OM",2,"constGrowth"
NA,672769,1830.92,13447.9,0,0,15216.8,100071,1830.92,13447.9,0,0,15216.8,100071,0.774677,0,0.706602,0,-1.0985,-1.0985,2014,"constGrowth_test2_OM",2,"constGrowth"
39881.5,0,0,0,727.71,8236.13,2193.87,13797.8,0,0,727.71,8236.13,2193.87,13797.8,0,0.125841,0.164565,0,-1.0985,-1.0985,2014,"constGrowth_test2_OM",2,"constGrowth"
NA,998840,6.13,38.0589,0,0,66.28,363.422,6.13,38.0589,0,0,66.28,363.422,0.000646047,0,0.182008,0,-1.45015,-1.45015,2015,"constGrowth_test2_OM",2,"constGrowth"
35201.2,0,0,0,185.82,1235.96,1.29,7.06327,0,0,185.82,1235.96,1.29,7.06327,0,0.0309792,0.00490817,0,-1.45015,-1.45015,2015,"constGrowth_test2_OM",2,"constGrowth"
NA,702711,283.54,1787.66,0,0,173.15,950.126,283.54,1787.66,0,0,173.15,950.126,0.0570805,0,0.692092,0,-1.16153,-1.16153,2016,"constGrowth_test2_OM",2,"constGrowth"
43924.2,0,0,0,7080.54,57342,0.0499999,0.273942,0,0,7080.54,57342,0.0499999,0.273942,0,2.03612,0.0003094,0,-1.16153,-1.16153,2016,"constGrowth_test2_OM",2,"constGrowth"
NA,937833,170.41,1275.22,0,0,1.17,6.42019,170.41,1275.22,0,0,1.17,6.42019,0.0756708,0,0.00604711,0,-2.08735,-2.08735,2017,"constGrowth_test2_OM",2,"constGrowth"
46469.2,0,0,0,6229.42,48192.3,2.21999,12.1614,0,0,6229.42,48192.3,2.21999,12.1614,0,1.00658,0.0156203,0,-2.08735,-2.08735,2017,"constGrowth_test2_OM",2,"constGrowth"
NA,408054,35.31,259.763,0,0,7.85999,43.1916,35.31,259.763,0,0,7.85999,43.1916,0.00979186,0,0.0459832,0,-0.11244,-0.11244,2018,"constGrowth_test2_OM",2,"constGrowth"
49740.9,0,0,0,11819.4,93094.2,2.50999,13.7657,0,0,11819.4,93094.2,2.50999,13.7657,0,1.85078,0.0202455,0,-0.11244,-0.11244,2018,"constGrowth_test2_OM",2,"constGrowth"
NA,4276580,130.86,931.497,0,0,7.72999,42.4774,130.86,931.497,0,0,7.72999,42.4774,0.0313336,0,0.0352078,0,0,0,2019,"constGrowth_test2_OM",2,"constGrowth"
44370.9,0,0,0,11819.4,92000,2.51,13.7656,0,0,11819.4,92000,2.51,13.7656,0,2.40922,0.0158121,0,0,0,2019,"constGrowth_test2_OM",2,"constGrowth"
NA,4785510,1200.52,8476.43,0,0,83.6865,458.448,1200.52,8476.43,0,0,83.6865,458.448,0.37395,0,0.36307,0,-0.0139079,-0.0139079,2020,"constGrowth_test2_OM",2,"constGrowth"
88885,0,0,0,21191,203080,17.4711,95.5936,0,0,21191,203080,17.4711,95.5936,0,4,0.116499,0,-0.0139079,-0.0139079,2020,"constGrowth_test2_OM",2,"constGrowth"
NA,4719420,4761.55,43914.9,0,0,233.11,1277.26,4761.55,43914.9,0,0,233.11,1277.26,1.96857,0,4,0.568056,-2.04135,-2.04135,2021,"constGrowth_test2_OM",2,"constGrowth"
158388,0,0,0,30988.3,315124,38.3363,209.887,0,0,30988.3,315124,38.3363,209.887,0,4,4,0.568056,-2.04135,-2.04135,2021,"constGrowth_test2_OM",2,"constGrowth"
NA,0,5.7799,64.5794,0,0,0,0,5.7799,64.5794,0,0,0,0,1.03023,0,0,0.393312,-2.95369,-2.95369,1981,"constGrowthSelfTest_EM_2020",2,"constGrowth"
339.64,0,0,0,57.1499,587.373,0,0,0,0,57.1499,587.373,0,0,0,0.891254,0,0.393312,-2.95369,-2.95369,1981,"constGrowthSelfTest_EM_2020",2,"constGrowth"
NA,201338,74.0693,656.97,0,0,0,0,74.0693,656.97,0,0,0,0,3.68425,0,0,0.596647,-1.88382,-1.88382,1982,"constGrowthSelfTest_EM_2020",2,"constGrowth"
1021.85,0,0,0,412.257,4916.4,0,0,0,0,412.257,4916.4,0,0,0,4.00001,0,0.596647,-1.88382,-1.88382,1982,"constGrowthSelfTest_EM_2020",2,"constGrowth"
NA,553934,213.19,3273.55,0,0,0,0,213.19,3273.55,0,0,0,0,0.242868,0,0,0.225122,-0.964081,-0.964081,1983,"constGrowthSelfTest_EM_2020",2,"constGrowth"
3998.22,0,0,0,159.12,1914.3,0,0,0,0,159.12,1914.3,0,0,0,0.307032,0,0.225122,-0.964081,-0.964081,1983,"constGrowthSelfTest_EM_2020",2,"constGrowth"
NA,1311570,75.39,1054.44,0,0,0,0,75.39,1054.44,0,0,0,0,0.0207806,0,0,0.422729,-1.48872,-1.48872,1984,"constGrowthSelfTest_EM_2020",2,"constGrowth"
13584.5,0,0,0,3495.8,38851.4,0,0,0,0,3495.8,38851.4,0,0,0,1.7695,0,0.422729,-1.48872,-1.48872,1984,"constGrowthSelfTest_EM_2020",2,"constGrowth"
NA,732553,819.43,14627.6,0,0,0,0,819.43,14627.6,0,0,0,0,0.831748,0,0,0.108062,-0.185744,-0.185744,1985,"constGrowthSelfTest_EM_2020",2,"constGrowth"
31530.5,0,0,0,1019,10776.6,0,0,0,0,1019,10776.6,0,0,0,0.167738,0,0.108062,-0.185744,-0.185744,1985,"constGrowthSelfTest_EM_2020",2,"constGrowth"
NA,2664970,387.71,6971.03,0,0,0,0,387.71,6971.03,0,0,0,0,0.316758,0,0,0.0905511,-0.302736,-0.302736,1986,"constGrowthSelfTest_EM_2020",2,"constGrowth"
47921.2,0,0,0,2278.89,20738.7,0,0,0,0,2278.89,20738.7,0,0,0,0.171212,0,0.0905511,-0.302736,-0.302736,1986,"constGrowthSelfTest_EM_2020",2,"constGrowth"
NA,2370730,2247.31,39118.4,0,0,0,0,2247.31,39118.4,0,0,0,0,0.0803701,0,0,0.11779,-0.00175147,-0.00175147,1987,"constGrowthSelfTest_EM_2020",2,"constGrowth"
79569.2,0,0,0,3639.76,41328.4,0,0,0,0,3639.76,41328.4,0,0,0,0.170375,0,0.11779,-0.00175147,-0.00175147,1987,"constGrowthSelfTest_EM_2020",2,"constGrowth"
NA,3203310,2179.91,34311.3,0,0,0,0,2179.91,34311.3,0,0,0,0,0.0647063,0,0,0.0655553,-1.46923,-1.46923,1988,"constGrowthSelfTest_EM_2020",2,"constGrowth"
114773,0,0,0,2614.75,26902.8,0,0,0,0,2614.75,26902.8,0,0,0,0.0670992,0,0.0655553,-1.46923,-1.46923,1988,"constGrowthSelfTest_EM_2020",2,"constGrowth"
NA,738384,7290.44,71001.7,0,0,0,0,7290.44,71001.7,0,0,0,0,0.267386,0,0,0.168461,-0.14026,-0.14026,1989,"constGrowthSelfTest_EM_2020",2,"constGrowth"
145391,0,0,0,8031.52,89155,0,0,0,0,8031.52,89155,0,0,0,0.128903,0,0.168461,-0.14026,-0.14026,1989,"constGrowthSelfTest_EM_2020",2,"constGrowth"
NA,2788980,6158.41,52695.7,0,0,0,0,6158.41,52695.7,0,0,0,0,0.256307,0,0,0.270318,0.00291811,0.00291811,1990,"constGrowthSelfTest_EM_2020",2,"constGrowth"
137652,0,0,0,14443.5,134267,0,0,0,0,14443.5,134267,0,0,0,0.344457,0,0.270318,0.00291811,0.00291811,1990,"constGrowthSelfTest_EM_2020",2,"constGrowth"
NA,3218300,24698,198516,0,0,0,0,24698,198516,0,0,0,0,1.53483,0,0,0.550525,0.131455,0.131455,1991,"constGrowthSelfTest_EM_2020",2,"constGrowth"
115650,0,0,0,10323.5,95725.6,0,0,0,0,10323.5,95725.6,0,0,0,0.310191,0,0.550525,0.131455,0.131455,1991,"constGrowthSelfTest_EM_2020",2,"constGrowth"
NA,3659740,43433.3,413710,0,0,3.9,24.3048,43433.3,413710,0,0,3.9,24.3048,1.14006,0,0.0004744,0.585243,0.739588,0.739588,1992,"constGrowthSelfTest_EM_2020",2,"constGrowth"
110424,0,0,0,30776.4,372433,0.18,1.07279,0,0,30776.4,372433,0.18,1.07279,0,1.89997,4.14011e-05,0.585243,0.739588,0.739588,1992,"constGrowthSelfTest_EM_2020",2,"constGrowth"
NA,6722930,822.8,8374.15,0,0,0,0,822.8,8374.15,0,0,0,0,0.0463159,0,0,0.128756,1.63064,1.63064,1993,"constGrowthSelfTest_EM_2020",2,"constGrowth"
145191,0,0,0,11345.8,143203,0,0,0,0,11345.8,143203,0,0,0,0.162136,0,0.128756,1.63064,1.63064,1993,"constGrowthSelfTest_EM_2020",2,"constGrowth"
NA,16388500,8838.65,91044.9,0,0,0,0,8838.65,91044.9,0,0,0,0,0.295997,0,0,0.282445,1.25308,1.25308,1994,"constGrowthSelfTest_EM_2020",2,"constGrowth"
233845,0,0,0,39748.4,545387,0,0,0,0,39748.4,545387,0,0,0,0.344791,0,0.282445,1.25308,1.25308,1994,"constGrowthSelfTest_EM_2020",2,"constGrowth"
NA,11234800,5993.28,61039.8,0,0,22.68,149.835,5993.28,61039.8,0,0,22.68,149.835,0.122258,0,0.00245238,0.138818,1.436,1.436,1995,"constGrowthSelfTest_EM_2020",2,"constGrowth"
441650,0,0,0,26565.7,357738,0,0,0,0,26565.7,357738,0,0,0,0.139332,0,0.138818,1.436,1.436,1995,"constGrowthSelfTest_EM_2020",2,"constGrowth"
NA,13489800,11917.3,115701,0,0,0,0,11917.3,115701,0,0,0,0,0.125903,0,0,0.0958741,1.82763,1.82763,1996,"constGrowthSelfTest_EM_2020",2,"constGrowth"
624690,0,0,0,19158.7,226003,43.54,275.587,0,0,19158.7,226003,43.54,275.587,0,0.0659223,0.00372139,0.0958741,1.82763,1.82763,1996,"constGrowthSelfTest_EM_2020",2,"constGrowth"
NA,19956700,13018.2,174707,0,0,27.22,181.585,13018.2,174707,0,0,27.22,181.585,0.0914442,0,0.00102781,0.0898918,1.75283,1.75283,1997,"constGrowthSelfTest_EM_2020",2,"constGrowth"
758304,0,0,0,24527.6,286021,0.82,5.18776,0,0,24527.6,286021,0.82,5.18776,0,0.0604167,3.97737e-05,0.0898918,1.75283,1.75283,1997,"constGrowthSelfTest_EM_2020",2,"constGrowth"
NA,18518400,18925.2,258342,0,0,488.25,3181.16,18925.2,258342,0,0,488.25,3181.16,0.102168,0,0.00977971,0.151079,0.572591,0.572591,1998,"constGrowthSelfTest_EM_2020",2,"constGrowth"
936696,0,0,0,63278.4,747771,74.39,461.848,0,0,63278.4,747771,74.39,461.848,0,0.132997,0.00194753,0.151079,0.572591,0.572591,1998,"constGrowthSelfTest_EM_2020",2,"constGrowth"
NA,5688960,14996.2,184016,0,0,725.2,5802.56,14996.2,184016,0,0,725.2,5802.56,1.95116,0,0.00281869,0.148378,0.623266,0.623266,1999,"constGrowthSelfTest_EM_2020",2,"constGrowth"
1065970,0,0,0,58341.4,747434,429.59,3145.85,0,0,58341.4,747434,429.59,3145.85,0,0.252507,0.00204974,0.148378,0.623266,0.623266,1999,"constGrowthSelfTest_EM_2020",2,"constGrowth"
NA,5984680,23693.4,263523,0,0,15586.2,120568,23693.4,263523,0,0,15586.2,120568,3.0738,0,0.0517676,0.184323,0.877279,0.877279,2000,"constGrowthSelfTest_EM_2020",2,"constGrowth"
950657,0,0,0,35179.2,430182,2336.9,16580.8,0,0,35179.2,430182,2336.9,16580.8,0,0.230709,0.00976941,0.184323,0.877279,0.877279,2000,"constGrowthSelfTest_EM_2020",2,"constGrowth"
NA,7715370,11550.5,135072,0,0,22546,161944,11550.5,135072,0,0,22546,161944,0.747974,0,0.0776479,0.245798,-0.910871,-0.910871,2001,"constGrowthSelfTest_EM_2020",2,"constGrowth"
751996,0,0,0,41118.4,665338,3136.84,21024.6,0,0,41118.4,665338,3136.84,21024.6,0,0.584755,0.0138923,0.245798,-0.910871,-0.910871,2001,"constGrowthSelfTest_EM_2020",2,"constGrowth"
NA,1290550,16562.7,212406,0,0,35525.7,243119,16562.7,212406,0,0,35525.7,243119,1.57346,0,0.156789,0.347433,2.14411,2.14411,2002,"constGrowthSelfTest_EM_2020",2,"constGrowth"
589524,0,0,0,36130.7,453606,597.29,3866.21,0,0,36130.7,453606,597.29,3866.21,0,0.78994,0.00350823,0.347433,2.14411,2.14411,2002,"constGrowthSelfTest_EM_2020",2,"constGrowth"
NA,27386300,10340.6,162691,0,0,37242.3,272515,10340.6,162691,0,0,37242.3,272515,0.825424,0,0.192345,0.330099,1.84887,1.84887,2003,"constGrowthSelfTest_EM_2020",2,"constGrowth"
430947,0,0,0,21300.5,321653,2618.43,18183.2,0,0,21300.5,321653,2618.43,18183.2,0,0.250767,0.01784,0.330099,1.84887,1.84887,2003,"constGrowthSelfTest_EM_2020",2,"constGrowth"
NA,20385100,17049,314701,0,0,46730.8,392045,17049,314701,0,0,46730.8,392045,0.223116,0,0.305695,0.256473,1.90023,1.90023,2004,"constGrowthSelfTest_EM_2020",2,"constGrowth"
633490,0,0,0,25249.9,364561,1016.32,8261.59,0,0,25249.9,364561,1016.32,8261.59,0,0.0726006,0.00829358,0.256473,1.90023,1.90023,2004,"constGrowthSelfTest_EM_2020",2,"constGrowth"
NA,21459400,13803,181681,0,0,54152.6,407395,13803,181681,0,0,54152.6,407395,0.221628,0,0.633617,0.264923,0.909777,0.909777,2005,"constGrowthSelfTest_EM_2020",2,"constGrowth"
928373,0,0,0,30364.2,432405,101.7,727.915,0,0,30364.2,432405,101.7,727.915,0,0.0710552,0.00165679,0.264923,0.909777,0.909777,2005,"constGrowthSelfTest_EM_2020",2,"constGrowth"
NA,7970230,20726.2,269998,0,0,41220.9,329376,20726.2,269998,0,0,41220.9,329376,0.363357,0,0.300158,0.216829,0.472607,0.472607,2006,"constGrowthSelfTest_EM_2020",2,"constGrowth"
1132940,0,0,0,39900.3,491910,0,0,0,0,39900.3,491910,0,0,0,0.0973272,0,0.216829,0.472607,0.472607,2006,"constGrowthSelfTest_EM_2020",2,"constGrowth"
NA,5147660,46228.1,562131,0,0,48237.1,327311,46228.1,562131,0,0,48237.1,327311,2.5978,0,0.636317,0.303662,-0.092754,-0.092754,2007,"constGrowthSelfTest_EM_2020",2,"constGrowth"
1036370,0,0,0,42910.1,551176,0,0,0,0,42910.1,551176,0,0,0,0.242102,0,0.303662,-0.092754,-0.092754,2007,"constGrowthSelfTest_EM_2020",2,"constGrowth"
NA,2924670,30186.1,370379,0,0,39801.9,257230,30186.1,370379,0,0,39801.9,257230,4.00002,0,0.342013,0.362782,0.244496,0.244496,2008,"constGrowthSelfTest_EM_2020",2,"constGrowth"
792400,0,0,0,41198.5,515417,0,0,0,0,41198.5,515417,0,0,0,0.397604,0,0.362782,0.244496,0.244496,2008,"constGrowthSelfTest_EM_2020",2,"constGrowth"
NA,4097730,14044.9,175203,0,0,44841.2,271786,14044.9,175203,0,0,44841.2,271786,0.164535,0,0.53767,0.373027,0.601284,0.601284,2009,"constGrowthSelfTest_EM_2020",2,"constGrowth"
538681,0,0,0,31146.5,430450,1369.73,8058.23,0,0,31146.5,430450,1369.73,8058.23,0,0.449269,0.023636,0.373027,0.601284,0.601284,2009,"constGrowthSelfTest_EM_2020",2,"constGrowth"
NA,5854560,11274,160313,0,0,54085.9,320036,11274,160313,0,0,54085.9,320036,0.171787,0,0.692871,0.353131,-2.14137,-2.14137,2010,"constGrowthSelfTest_EM_2020",2,"constGrowth"
358597,0,0,0,27267.6,429088,0.09,0.519833,0,0,27267.6,429088,0.09,0.519833,0,0.35828,1.73746e-06,0.353131,-2.14137,-2.14137,2010,"constGrowthSelfTest_EM_2020",2,"constGrowth"
NA,377027,24871.4,252359,0,0,39750.5,263087,24871.4,252359,0,0,39750.5,263087,0.475751,0,0.425944,0.517102,-2.22598,-2.22598,2011,"constGrowthSelfTest_EM_2020",2,"constGrowth"
276797,0,0,0,23189.9,247127,5805.63,36924.4,0,0,23189.9,247127,5805.63,36924.4,0,1.32563,0.0955596,0.517102,-2.22598,-2.22598,2011,"constGrowthSelfTest_EM_2020",2,"constGrowth"
NA,346440,1528.37,14435.1,0,0,91425.6,672454,1528.37,14435.1,0,0,91425.6,672454,0.0378537,0,1.90981,0.565244,-2.5772,-2.5772,2012,"constGrowthSelfTest_EM_2020",2,"constGrowth"
146293,0,0,0,13884.9,142957,1570.78,11165.6,0,0,13884.9,142957,1570.78,11165.6,0,1.11999,0.0620785,0.565244,-2.5772,-2.5772,2012,"constGrowthSelfTest_EM_2020",2,"constGrowth"
NA,243835,921.56,7817.6,0,0,57218,416156,921.56,7817.6,0,0,57218,416156,1.34115,0,2.85337,0.518329,-2.06324,-2.06324,2013,"constGrowthSelfTest_EM_2020",2,"constGrowth"
53698.8,0,0,0,5625.03,49566,908.01,6276.64,0,0,5625.03,49566,908.01,6276.64,0,0.485399,0.09554,0.518329,-2.06324,-2.06324,2013,"constGrowthSelfTest_EM_2020",2,"constGrowth"
NA,407666,1830.92,15365.6,0,0,15216.8,103076,1830.92,15365.6,0,0,15216.8,103076,2.44717,0,1.52413,0.406139,-0.973402,-0.973402,2014,"constGrowthSelfTest_EM_2020",2,"constGrowth"
23321,0,0,0,727.71,7483.54,2193.87,14192.2,0,0,727.71,7483.54,2193.87,14192.2,0,0.128222,0.447874,0.406139,-0.973402,-0.973402,2014,"constGrowthSelfTest_EM_2020",2,"constGrowth"
NA,1212320,6.13,42.1369,0,0,66.28,405.437,6.13,42.1369,0,0,66.28,405.437,0.00184536,0,0.0223922,0.0215103,-1.05596,-1.05596,2015,"constGrowthSelfTest_EM_2020",2,"constGrowth"
22655.8,0,0,0,185.82,1495.11,1.29,7.63295,0,0,185.82,1495.11,1.29,7.63295,0,0.0309171,0.000569379,0.0215103,-1.05596,-1.05596,2015,"constGrowthSelfTest_EM_2020",2,"constGrowth"
NA,1116250,283.54,1995.43,0,0,173.15,1040.78,283.54,1995.43,0,0,173.15,1040.78,0.0824095,0,0.065065,0.336134,-0.446789,-0.446789,2016,"constGrowthSelfTest_EM_2020",2,"constGrowth"
37043.6,0,0,0,7080.53,68278.2,0.05,0.29173,0,0,7080.53,68278.2,0.05,0.29173,0,1.06742,2.77361e-05,0.336134,-0.446789,-0.446789,2016,"constGrowthSelfTest_EM_2020",2,"constGrowth"
NA,2052680,170.41,1389.61,0,0,1.17,7.15869,170.41,1389.61,0,0,1.17,7.15869,0.0590563,0,0.000614264,0.214436,-1.29402,-1.29402,2017,"constGrowthSelfTest_EM_2020",2,"constGrowth"
50580.3,0,0,0,6229.43,58383.1,2.22,13.1622,0,0,6229.43,58383.1,2.22,13.1622,0,0.528676,0.00162257,0.214436,-1.29402,-1.29402,2017,"constGrowthSelfTest_EM_2020",2,"constGrowth"
NA,966149,35.31,281.927,0,0,7.86,50.9397,35.31,281.927,0,0,7.86,50.9397,0.00654907,0,0.00417285,0.249012,-0.634523,-0.634523,2018,"constGrowthSelfTest_EM_2020",2,"constGrowth"
73703.6,0,0,0,11819.4,109430,2.51,15.5103,0,0,11819.4,109430,2.51,15.5103,0,0.698155,0.00184862,0.249012,-0.634523,-0.634523,2018,"constGrowthSelfTest_EM_2020",2,"constGrowth"
NA,2717370,130.86,1016.01,0,0,7.73,51.1779,130.86,1016.01,0,0,7.73,51.1779,0.015214,0,0.0029507,0.208799,-0.0386283,-0.0386283,2019,"constGrowthSelfTest_EM_2020",2,"constGrowth"
81127.9,0,0,0,11819.4,103578,2.51,15.7704,0,0,11819.4,103578,2.51,15.7704,0,0.53813,0.0013105,0.208799,-0.0386283,-0.0386283,2019,"constGrowthSelfTest_EM_2020",2,"constGrowth"
NA,4931080,1200.52,9009.13,0,0,83.6865,545.846,1200.52,9009.13,0,0,83.6865,545.846,0.109289,0,0.0211859,0.316767,0,0,2020,"constGrowthSelfTest_EM_2020",2,"constGrowth"
101628,0,0,0,21191,188201,17.4711,108.58,0,0,21191,188201,17.4711,108.58,0,0.947396,0.00661739,0.316767,0,0,2020,"constGrowthSelfTest_EM_2020",2,"constGrowth"
NA,5125290,4761.54,36085.7,0,0,366.141,2374.71,4761.54,36085.7,0,0,366.141,2374.71,0.444743,0,0.0862146,0.556803,0,0,2021,"constGrowthSelfTest_EM_2020",2,"constGrowth"
152902,0,0,0,84618.7,874111,52.2219,323.706,0,0,84618.7,874111,52.2219,323.706,0,3.99988,0.0273224,0.556803,0,0,2021,"constGrowthSelfTest_EM_2020",2,"constGrowth"
NA,0,5.7799,64.5792,0,0,0,0,5.7799,64.5792,0,0,0,0,1.02804,0,0,0.393153,-2.96762,-2.96762,1981,"constGrowthSelfTest_EM_init",2,"constGrowth"
339.409,0,0,0,57.1499,587.295,0,0,0,0,57.1499,587.295,0,0,0,0.889693,0,0.393153,-2.96762,-2.96762,1981,"constGrowthSelfTest_EM_init",2,"constGrowth"
NA,202094,74.069,657.027,0,0,0,0,74.069,657.027,0,0,0,0,3.68414,0,0,0.596846,-1.89802,-1.89802,1982,"constGrowthSelfTest_EM_init",2,"constGrowth"
1021.65,0,0,0,412.272,4917.13,0,0,0,0,412.272,4917.13,0,0,0,4.00001,0,0.596846,-1.89802,-1.89802,1982,"constGrowthSelfTest_EM_init",2,"constGrowth"
NA,555868,213.19,3274.21,0,0,0,0,213.19,3274.21,0,0,0,0,0.243022,0,0,0.224848,-0.979315,-0.979315,1983,"constGrowthSelfTest_EM_init",2,"constGrowth"
4010.29,0,0,0,159.12,1915.34,0,0,0,0,159.12,1915.34,0,0,0,0.305979,0,0.224848,-0.979315,-0.979315,1983,"constGrowthSelfTest_EM_init",2,"constGrowth"
NA,1314780,75.39,1053.9,0,0,0,0,75.39,1053.9,0,0,0,0,0.0207319,0,0,0.421893,-1.50247,-1.50247,1984,"constGrowthSelfTest_EM_init",2,"constGrowth"
13631.9,0,0,0,3495.8,38850.7,0,0,0,0,3495.8,38850.7,0,0,0,1.75895,0,0.421893,-1.50247,-1.50247,1984,"constGrowthSelfTest_EM_init",2,"constGrowth"
NA,735437,819.43,14627.6,0,0,0,0,819.43,14627.6,0,0,0,0,0.82761,0,0,0.107618,-0.20044,-0.20044,1985,"constGrowthSelfTest_EM_init",2,"constGrowth"
31633.9,0,0,0,1019,10774.2,0,0,0,0,1019,10774.2,0,0,0,0.166776,0,0.107618,-0.20044,-0.20044,1985,"constGrowthSelfTest_EM_init",2,"constGrowth"
NA,2672930,387.71,6972,0,0,0,0,387.71,6972,0,0,0,0,0.315335,0,0,0.0902116,-0.317679,-0.317679,1986,"constGrowthSelfTest_EM_init",2,"constGrowth"
48079.1,0,0,0,2278.89,20740.4,0,0,0,0,2278.89,20740.4,0,0,0,0.170358,0,0.0902116,-0.317679,-0.317679,1986,"constGrowthSelfTest_EM_init",2,"constGrowth"
NA,2377230,2247.31,39118.1,0,0,0,0,2247.31,39118.1,0,0,0,0,0.0801093,0,0,0.117397,-0.0159895,-0.0159895,1987,"constGrowthSelfTest_EM_init",2,"constGrowth"
79834.7,0,0,0,3639.76,41328.7,0,0,0,0,3639.76,41328.7,0,0,0,0.169691,0,0.117397,-0.0159895,-0.0159895,1987,"constGrowthSelfTest_EM_init",2,"constGrowth"
NA,3214350,2179.91,34313.1,0,0,0,0,2179.91,34313.1,0,0,0,0,0.0645255,0,0,0.0653639,-1.48269,-1.48269,1988,"constGrowthSelfTest_EM_init",2,"constGrowth"
115146,0,0,0,2614.75,26903.8,0,0,0,0,2614.75,26903.8,0,0,0,0.0668704,0,0.0653639,-1.48269,-1.48269,1988,"constGrowthSelfTest_EM_init",2,"constGrowth"
NA,741499,7290.44,70999.2,0,0,0,0,7290.44,70999.2,0,0,0,0,0.266493,0,0,0.167938,-0.158541,-0.158541,1989,"constGrowthSelfTest_EM_init",2,"constGrowth"
145888,0,0,0,8031.52,89151.7,0,0,0,0,8031.52,89151.7,0,0,0,0.128547,0,0.167938,-0.158541,-0.158541,1989,"constGrowthSelfTest_EM_init",2,"constGrowth"
NA,2787300,6158.41,52700.3,0,0,0,0,6158.41,52700.3,0,0,0,0,0.255523,0,0,0.269532,-0.0141263,-0.0141263,1990,"constGrowthSelfTest_EM_init",2,"constGrowth"
138159,0,0,0,14443.5,134273,0,0,0,0,14443.5,134273,0,0,0,0.343362,0,0.269532,-0.0141263,-0.0141263,1990,"constGrowthSelfTest_EM_init",2,"constGrowth"
NA,3220340,24698,198602,0,0,0,0,24698,198602,0,0,0,0,1.52414,0,0,0.549453,0.114665,0.114665,1991,"constGrowthSelfTest_EM_init",2,"constGrowth"
116023,0,0,0,10323.5,95747.2,0,0,0,0,10323.5,95747.2,0,0,0,0.308626,0,0.549453,0.114665,0.114665,1991,"constGrowthSelfTest_EM_init",2,"constGrowth"
NA,3662990,43433.3,413544,0,0,3.9,24.3128,43433.3,413544,0,0,3.9,24.3128,1.13554,0,0.000468521,0.584829,0.722779,0.722779,1992,"constGrowthSelfTest_EM_init",2,"constGrowth"
110681,0,0,0,30776.4,372303,0.18,1.0731,0,0,30776.4,372303,0.18,1.0731,0,1.88547,4.08049e-05,0.584829,0.722779,0.722779,1992,"constGrowthSelfTest_EM_init",2,"constGrowth"
NA,6728770,822.8,8375.55,0,0,0,0,822.8,8375.55,0,0,0,0,0.0463113,0,0,0.128594,1.61349,1.61349,1993,"constGrowthSelfTest_EM_init",2,"constGrowth"
145425,0,0,0,11345.8,143198,0,0,0,0,11345.8,143198,0,0,0,0.161834,0,0.128594,1.61349,1.61349,1993,"constGrowthSelfTest_EM_init",2,"constGrowth"
NA,16397100,8838.65,91043.7,0,0,0,0,8838.65,91043.7,0,0,0,0,0.295724,0,0,0.282188,1.23611,1.23611,1994,"constGrowthSelfTest_EM_init",2,"constGrowth"
234139,0,0,0,39748.4,545397,0,0,0,0,39748.4,545397,0,0,0,0.344217,0,0.282188,1.23611,1.23611,1994,"constGrowthSelfTest_EM_init",2,"constGrowth"
NA,11242800,5993.28,61039.8,0,0,22.68,149.892,5993.28,61039.8,0,0,22.68,149.892,0.122106,0,0.00242922,0.138684,1.41895,1.41895,1995,"constGrowthSelfTest_EM_init",2,"constGrowth"
442056,0,0,0,26565.7,357733,0,0,0,0,26565.7,357733,0,0,0,0.139211,0,0.138684,1.41895,1.41895,1995,"constGrowthSelfTest_EM_init",2,"constGrowth"
NA,13498300,11917.3,115702,0,0,0,0,11917.3,115702,0,0,0,0,0.125767,0,0,0.0957894,1.81041,1.81041,1996,"constGrowthSelfTest_EM_init",2,"constGrowth"
625187,0,0,0,19158.7,226012,43.54,275.721,0,0,19158.7,226012,43.54,275.721,0,0.0658765,0.00369034,0.0957894,1.81041,1.81041,1996,"constGrowthSelfTest_EM_init",2,"constGrowth"
NA,19965800,13018.2,174705,0,0,27.22,181.697,13018.2,174705,0,0,27.22,181.697,0.0912538,0,0.00101932,0.0898228,1.73551,1.73551,1997,"constGrowthSelfTest_EM_init",2,"constGrowth"
758881,0,0,0,24527.6,286022,0.82,5.19022,0,0,24527.6,286022,0.82,5.19022,0,0.0603979,3.94386e-05,0.0898228,1.73551,1.73551,1997,"constGrowthSelfTest_EM_init",2,"constGrowth"
NA,18525100,18925.2,258336,0,0,488.25,3182.54,18925.2,258336,0,0,488.25,3182.54,0.101966,0,0.00970272,0.150984,0.555578,0.555578,1998,"constGrowthSelfTest_EM_init",2,"constGrowth"
937338,0,0,0,63278.4,747792,74.39,462.001,0,0,63278.4,747792,74.39,462.001,0,0.132979,0.00193192,0.150984,0.555578,0.555578,1998,"constGrowthSelfTest_EM_init",2,"constGrowth"
NA,5692740,14996.2,184014,0,0,725.2,5802.62,14996.2,184014,0,0,725.2,5802.62,1.94818,0,0.00281635,0.148305,0.606061,0.606061,1999,"constGrowthSelfTest_EM_init",2,"constGrowth"
1066600,0,0,0,58341.4,747438,429.59,3145.88,0,0,58341.4,747438,429.59,3145.88,0,0.252204,0.00204802,0.148305,0.606061,0.606061,1999,"constGrowthSelfTest_EM_init",2,"constGrowth"
NA,5987500,23693.4,263531,0,0,15586.2,120568,23693.4,263531,0,0,15586.2,120568,3.06943,0,0.0517296,0.184233,0.859884,0.859884,2000,"constGrowthSelfTest_EM_init",2,"constGrowth"
951209,0,0,0,35179.2,430184,2336.9,16580.9,0,0,35179.2,430184,2336.9,16580.9,0,0.230422,0.00976206,0.184233,0.859884,0.859884,2000,"constGrowthSelfTest_EM_init",2,"constGrowth"
NA,7717550,11550.5,135078,0,0,22546,161944,11550.5,135078,0,0,22546,161944,0.747025,0,0.0776001,0.245691,-0.929246,-0.929246,2001,"constGrowthSelfTest_EM_init",2,"constGrowth"
752455,0,0,0,41118.4,665395,3136.84,21024.5,0,0,41118.4,665395,3136.84,21024.5,0,0.584357,0.0138835,0.245691,-0.929246,-0.929246,2001,"constGrowthSelfTest_EM_init",2,"constGrowth"
NA,1289650,16562.7,212397,0,0,35525.7,243120,16562.7,212397,0,0,35525.7,243120,1.57144,0,0.156687,0.347371,2.1265,2.1265,2002,"constGrowthSelfTest_EM_init",2,"constGrowth"
589887,0,0,0,36130.7,453595,597.29,3866.2,0,0,36130.7,453595,597.29,3866.2,0,0.789784,0.0035058,0.347371,2.1265,2.1265,2002,"constGrowthSelfTest_EM_init",2,"constGrowth"
NA,27388200,10340.6,162700,0,0,37242.3,272518,10340.6,162700,0,0,37242.3,272518,0.824613,0,0.192197,0.330111,1.83119,1.83119,2003,"constGrowthSelfTest_EM_init",2,"constGrowth"
431210,0,0,0,21300.5,321671,2618.43,18183.5,0,0,21300.5,321671,2618.43,18183.5,0,0.250893,0.0178254,0.330111,1.83119,1.83119,2003,"constGrowthSelfTest_EM_init",2,"constGrowth"
NA,20385000,17049,314709,0,0,46730.8,392063,17049,314709,0,0,46730.8,392063,0.222714,0,0.305464,0.256379,1.88244,1.88244,2004,"constGrowthSelfTest_EM_init",2,"constGrowth"
633712,0,0,0,25249.9,364558,1016.32,8261.85,0,0,25249.9,364558,1016.32,8261.85,0,0.0725968,0.00828689,0.256379,1.88244,1.88244,2004,"constGrowthSelfTest_EM_init",2,"constGrowth"
NA,21457000,13803,181674,0,0,54152.6,407385,13803,181674,0,0,54152.6,407385,0.221332,0,0.633081,0.264844,0.892167,0.892167,2005,"constGrowthSelfTest_EM_init",2,"constGrowth"
928530,0,0,0,30364.2,432410,101.7,727.893,0,0,30364.2,432410,101.7,727.893,0,0.0710121,0.00165526,0.264844,0.892167,0.892167,2005,"constGrowthSelfTest_EM_init",2,"constGrowth"
NA,7970770,20726.2,270000,0,0,41220.9,329375,20726.2,270000,0,0,41220.9,329375,0.362925,0,0.299967,0.216788,0.454897,0.454897,2006,"constGrowthSelfTest_EM_init",2,"constGrowth"
1133000,0,0,0,39900.3,491913,0,0,0,0,39900.3,491913,0,0,0,0.0972673,0,0.216788,0.454897,0.454897,2006,"constGrowthSelfTest_EM_init",2,"constGrowth"
NA,5147500,46228.1,562162,0,0,48237.1,327306,46228.1,562162,0,0,48237.1,327306,2.59789,0,0.635986,0.303645,-0.110442,-0.110442,2007,"constGrowthSelfTest_EM_init",2,"constGrowth"
1036380,0,0,0,42910.1,551182,0,0,0,0,42910.1,551182,0,0,0,0.241953,0,0.303645,-0.110442,-0.110442,2007,"constGrowthSelfTest_EM_init",2,"constGrowth"
NA,2924640,30186.9,370416,0,0,39801.9,257230,30186.9,370416,0,0,39801.9,257230,4.00002,0,0.341913,0.362783,0.227048,0.227048,2008,"constGrowthSelfTest_EM_init",2,"constGrowth"
792396,0,0,0,41198.5,515426,0,0,0,0,41198.5,515426,0,0,0,0.397378,0,0.362783,0.227048,0.227048,2008,"constGrowthSelfTest_EM_init",2,"constGrowth"
NA,4098670,14044.9,175202,0,0,44841.2,271784,14044.9,175202,0,0,44841.2,271784,0.164545,0,0.537588,0.373017,0.584091,0.584091,2009,"constGrowthSelfTest_EM_init",2,"constGrowth"
538677,0,0,0,31146.5,430458,1369.73,8058.13,0,0,31146.5,430458,1369.73,8058.13,0,0.448883,0.023632,0.373017,0.584091,0.584091,2009,"constGrowthSelfTest_EM_init",2,"constGrowth"
NA,5857390,11274,160319,0,0,54085.9,320033,11274,160319,0,0,54085.9,320033,0.17178,0,0.692828,0.35309,-2.15683,-2.15683,2010,"constGrowthSelfTest_EM_init",2,"constGrowth"
358616,0,0,0,27267.6,429115,0.09,0.519827,0,0,27267.6,429115,0.09,0.519827,0,0.357899,1.73732e-06,0.35309,-2.15683,-2.15683,2010,"constGrowthSelfTest_EM_init",2,"constGrowth"
NA,377866,24871.4,252371,0,0,39750.5,263084,24871.4,252371,0,0,39750.5,263084,0.475766,0,0.42596,0.516906,-2.24107,-2.24107,2011,"constGrowthSelfTest_EM_init",2,"constGrowth"
276862,0,0,0,23189.9,247155,5805.63,36924,0,0,23189.9,247155,5805.63,36924,0,1.32217,0.0955617,0.516906,-2.24107,-2.24107,2011,"constGrowthSelfTest_EM_init",2,"constGrowth"
NA,347339,1528.37,14435.7,0,0,91425.6,672463,1528.37,14435.7,0,0,91425.6,672463,0.0378397,0,1.9096,0.564998,-2.5907,-2.5907,2012,"constGrowthSelfTest_EM_init",2,"constGrowth"
146376,0,0,0,13884.9,142965,1570.78,11165.8,0,0,13884.9,142965,1570.78,11165.8,0,1.11641,0.0620652,0.564998,-2.5907,-2.5907,2012,"constGrowthSelfTest_EM_init",2,"constGrowth"
NA,244856,921.56,7817.58,0,0,57218,416163,921.56,7817.58,0,0,57218,416163,1.33354,0,2.85207,0.518012,-2.07386,-2.07386,2013,"constGrowthSelfTest_EM_init",2,"constGrowth"
53781.9,0,0,0,5625.03,49567.1,908.01,6276.74,0,0,5625.03,49567.1,908.01,6276.74,0,0.484052,0.095454,0.518012,-2.07386,-2.07386,2013,"constGrowthSelfTest_EM_init",2,"constGrowth"
NA,410553,1830.92,15367.1,0,0,15216.8,103081,1830.92,15367.1,0,0,15216.8,103081,2.4289,0,1.52099,0.405626,-0.983029,-0.983029,2014,"constGrowthSelfTest_EM_init",2,"constGrowth"
23403.8,0,0,0,727.71,7483.9,2193.87,14192.4,0,0,727.71,7483.9,2193.87,14192.4,0,0.127725,0.446399,0.405626,-0.983029,-0.983029,2014,"constGrowthSelfTest_EM_init",2,"constGrowth"
NA,1222120,6.13,42.1418,0,0,66.28,405.534,6.13,42.1418,0,0,66.28,405.534,0.00183768,0,0.0222253,0.0214267,-1.05913,-1.05913,2015,"constGrowthSelfTest_EM_init",2,"constGrowth"
22771.9,0,0,0,185.82,1496.13,1.29,7.63439,0,0,185.82,1496.13,1.29,7.63439,0,0.0307752,0.000565068,0.0214267,-1.05913,-1.05913,2015,"constGrowthSelfTest_EM_init",2,"constGrowth"
NA,1132570,283.54,1996.19,0,0,173.15,1041.26,283.54,1996.19,0,0,173.15,1041.26,0.0820725,0,0.064624,0.334866,-0.442135,-0.442135,2016,"constGrowthSelfTest_EM_init",2,"constGrowth"
37305.9,0,0,0,7080.53,68320.4,0.05,0.291841,0,0,7080.53,68320.4,0.05,0.291841,0,1.05861,2.75151e-05,0.334866,-0.442135,-0.442135,2016,"constGrowthSelfTest_EM_init",2,"constGrowth"
NA,2099040,170.41,1389.98,0,0,1.17,7.1648,170.41,1389.98,0,0,1.17,7.1648,0.0585068,0,0.00060799,0.212755,-1.27793,-1.27793,2017,"constGrowthSelfTest_EM_init",2,"constGrowth"
51135.7,0,0,0,6229.43,58416.6,2.22,13.1716,0,0,6229.43,58416.6,2.22,13.1716,0,0.522503,0.0016042,0.212755,-1.27793,-1.27793,2017,"constGrowthSelfTest_EM_init",2,"constGrowth"
NA,999336,35.31,282.016,0,0,7.86,51.0032,35.31,282.016,0,0,7.86,51.0032,0.00647288,0,0.00410827,0.246259,-0.13616,-0.13616,2018,"constGrowthSelfTest_EM_init",2,"constGrowth"
74957.5,0,0,0,11819.4,109558,2.51,15.5271,0,0,11819.4,109558,2.51,15.5271,0,0.686256,0.00181725,0.246259,-0.13616,-0.13616,2018,"constGrowthSelfTest_EM_init",2,"constGrowth"
NA,4552620,130.86,1016.68,0,0,7.73,51.2374,130.86,1016.68,0,0,7.73,51.2374,0.0149404,0,0.00288499,0.205095,0,0,2019,"constGrowthSelfTest_EM_init",2,"constGrowth"
84425.6,0,0,0,11819.4,103678,2.51,15.7926,0,0,11819.4,103678,2.51,15.7926,0,0.524778,0.00127855,0.205095,0,0,2019,"constGrowthSelfTest_EM_init",2,"constGrowth"
NA,5216690,1200.52,9013.97,0,0,83.6865,548.113,1200.52,9013.97,0,0,83.6865,548.113,0.106444,0,0.0205543,0.545609,0,0,2020,"constGrowthSelfTest_EM_init",2,"constGrowth"
130416,0,0,0,69386.8,692681,17.4711,108.697,0,0,69386.8,692681,17.4711,108.697,0,3.84044,0.00921376,0.545609,0,0,2020,"constGrowthSelfTest_EM_init",2,"constGrowth"
